class,count
org.apache.commons.lang3.BooleanUtils,11
org.apache.commons.lang3.ArrayUtils,9
org.apache.commons.lang3.text.StrSubstitutor,7
org.apache.commons.lang3.text.ExtendedMessageFormat,4
org.apache.commons.lang3.time.FastDatePrinter,4
org.apache.commons.lang3.builder.ToStringBuilder,3
org.apache.commons.lang3.tuple.MutableTriple,3
org.apache.commons.lang3.StringUtils,2
org.apache.commons.lang3.builder.ReflectionToStringBuilder,2
org.apache.commons.lang3.compare.ObjectToStringComparator,2
org.apache.commons.lang3.concurrent.BackgroundInitializer,2
org.apache.commons.lang3.event.EventListenerSupport,2
org.apache.commons.lang3.math.NumberUtils,2
org.apache.commons.lang3.reflect.FieldUtils,2
org.apache.commons.lang3.time.FastDateParser,2
org.apache.commons.lang3.time.FastTimeZone,2
org.apache.commons.lang3.time.FormatCache$MultipartKey,2
org.apache.commons.lang3.time.GmtTimeZone,2
org.apache.commons.lang3.tuple.MutablePair,2
org.apache.commons.lang3.ThreadUtils$ThreadIdPredicate,1
org.apache.commons.lang3.builder.DiffBuilder,1
org.apache.commons.lang3.builder.DiffResult,1
org.apache.commons.lang3.builder.EqualsBuilder,1
org.apache.commons.lang3.exception.DefaultExceptionContext,1
org.apache.commons.lang3.mutable.MutableByte,1
org.apache.commons.lang3.mutable.MutableDouble,1
org.apache.commons.lang3.mutable.MutableFloat,1
org.apache.commons.lang3.mutable.MutableInt,1
org.apache.commons.lang3.mutable.MutableLong,1
org.apache.commons.lang3.mutable.MutableShort,1
org.apache.commons.lang3.text.StrTokenizer,1
org.apache.commons.lang3.time.DateUtils,1
org.apache.commons.lang3.time.FastDatePrinter$PaddedNumberField,1
org.apache.commons.lang3.tuple.ImmutablePair,1