class,method,count
org.apache.maven.model.interpolation.StringVisitorModelInterpolator$ModelVisitor,visit,50
org.apache.maven.model.Dependency,getLocation,10
org.apache.maven.model.Dependency,setLocation,10
org.apache.maven.model.ModelBase,getLocation,10
org.apache.maven.model.ModelBase,setLocation,10
org.apache.maven.model.Contributor,getLocation,9
org.apache.maven.model.Contributor,setLocation,9
org.apache.maven.model.Notifier,getLocation,8
org.apache.maven.model.Notifier,setLocation,8
org.apache.maven.model.Scm,getLocation,8
org.apache.maven.model.Scm,setLocation,8
org.apache.maven.model.DistributionManagement,getLocation,7
org.apache.maven.model.DistributionManagement,setLocation,7
org.apache.maven.model.MailingList,getLocation,7
org.apache.maven.model.MailingList,setLocation,7
org.apache.maven.execution.MavenSession,&lt;init&gt;,6
org.apache.maven.model.Activation,getLocation,6
org.apache.maven.model.Activation,setLocation,6
org.apache.maven.artifact.resolver.ResolutionNode,&lt;init&gt;,5
org.apache.maven.execution.MojoExecutionEvent,&lt;init&gt;,5
org.apache.maven.model.ActivationOS,getLocation,5
org.apache.maven.model.ActivationOS,setLocation,5
org.apache.maven.model.License,getLocation,5
org.apache.maven.model.License,setLocation,5
org.apache.maven.model.Parent,getLocation,5
org.apache.maven.model.Parent,setLocation,5
org.apache.maven.model.Relocation,getLocation,5
org.apache.maven.model.Relocation,setLocation,5
org.apache.maven.model.RepositoryBase,getLocation,5
org.apache.maven.model.RepositoryBase,setLocation,5
org.apache.maven.model.Site,getLocation,5
org.apache.maven.model.Site,setLocation,5
org.apache.maven.repository.legacy.metadata.ResolutionGroup,&lt;init&gt;,5
org.apache.maven.execution.ProjectExecutionEvent,&lt;init&gt;,4
org.apache.maven.model.CiManagement,getLocation,4
org.apache.maven.model.CiManagement,setLocation,4
org.apache.maven.model.Extension,getLocation,4
org.apache.maven.model.Extension,setLocation,4
org.apache.maven.model.Reporting,getLocation,4
org.apache.maven.model.Reporting,setLocation,4
org.apache.maven.model.RepositoryPolicy,getLocation,4
org.apache.maven.model.RepositoryPolicy,setLocation,4
org.apache.maven.plugin.PluginExecutionException,&lt;init&gt;,4
org.apache.maven.repository.metadata.MetadataGraph,&lt;init&gt;,4
org.apache.maven.artifact.DefaultArtifact,&lt;init&gt;,3
org.apache.maven.artifact.repository.MavenArtifactRepository,&lt;init&gt;,3
org.apache.maven.artifact.repository.metadata.AbstractRepositoryMetadata,updateRepositoryMetadata,3
org.apache.maven.artifact.resolver.UnresolvedArtifacts,&lt;init&gt;,3
org.apache.maven.lifecycle.LifecycleExecutionException,&lt;init&gt;,3
org.apache.maven.lifecycle.internal.DependencyContext,&lt;init&gt;,3
org.apache.maven.lifecycle.internal.builder.multithreaded.ThreadOutputMuxer,&lt;init&gt;,3
org.apache.maven.model.ActivationFile,getLocation,3
org.apache.maven.model.ActivationFile,setLocation,3
org.apache.maven.model.ActivationProperty,getLocation,3
org.apache.maven.model.ActivationProperty,setLocation,3
org.apache.maven.model.ConfigurationContainer,getLocation,3
org.apache.maven.model.ConfigurationContainer,setLocation,3
org.apache.maven.model.Exclusion,getLocation,3
org.apache.maven.model.Exclusion,setLocation,3
org.apache.maven.model.IssueManagement,getLocation,3
org.apache.maven.model.IssueManagement,setLocation,3
org.apache.maven.model.Organization,getLocation,3
org.apache.maven.model.Organization,setLocation,3
org.apache.maven.model.PatternSet,getLocation,3
org.apache.maven.model.PatternSet,setLocation,3
org.apache.maven.plugin.PluginManagerException,&lt;init&gt;,3
org.apache.maven.profiles.DefaultProfileManager,&lt;init&gt;,3
org.apache.maven.project.artifact.AttachedArtifact,&lt;init&gt;,3
org.apache.maven.repository.ArtifactTransferEvent,&lt;init&gt;,3
org.apache.maven.repository.MetadataResolutionRequest,&lt;init&gt;,3
org.apache.maven.repository.MetadataResolutionResult,NOVALUE,3
org.apache.maven.repository.metadata.MetadataResolutionRequest,&lt;init&gt;,3
org.apache.maven.artifact.repository.metadata.DefaultRepositoryMetadataManager,resolve,2
org.apache.maven.artifact.repository.metadata.SnapshotArtifactRepositoryMetadata,&lt;init&gt;,2
org.apache.maven.artifact.resolver.MultipleArtifactsNotFoundException,&lt;init&gt;,2
org.apache.maven.bridge.MavenRepositorySystem,&lt;init&gt;,2
org.apache.maven.building.UrlSource,equals,2
org.apache.maven.cli.internal.extension.model.io.xpp3.CoreExtensionsXpp3Reader,parseCoreExtensions,2
org.apache.maven.cli.logging.impl.UnsupportedSlf4jBindingConfiguration,&lt;init&gt;,2
org.apache.maven.lifecycle.Lifecycle,&lt;init&gt;,2
org.apache.maven.lifecycle.internal.ProjectSegment,&lt;init&gt;,2
org.apache.maven.lifecycle.mapping.DefaultLifecycleMapping,NOVALUE,2
org.apache.maven.model.DependencyManagement,getLocation,2
org.apache.maven.model.DependencyManagement,setLocation,2
org.apache.maven.model.PluginContainer,getLocation,2
org.apache.maven.model.PluginContainer,setLocation,2
org.apache.maven.model.Prerequisites,getLocation,2
org.apache.maven.model.Prerequisites,setLocation,2
org.apache.maven.model.building.DefaultModelBuildingRequest,NOVALUE,2
org.apache.maven.model.building.DefaultTransformerContext$Holder,get,2
org.apache.maven.model.resolution.InvalidRepositoryException,&lt;init&gt;,2
org.apache.maven.model.superpom.DefaultSuperPomProvider,getSuperModel,2
org.apache.maven.plugin.DefaultBuildPluginManager,executeMojo,2
org.apache.maven.plugin.PluginArtifactsCache$CacheRecord,&lt;init&gt;,2
org.apache.maven.plugin.PluginNotFoundException,&lt;init&gt;,2
org.apache.maven.plugin.PluginParameterExpressionEvaluator,&lt;init&gt;,2
org.apache.maven.plugin.internal.DefaultMavenPluginManager,getConfiguredMojo,2
org.apache.maven.plugin.internal.DefaultMavenPluginManager,populatePluginFields,2
org.apache.maven.plugin.lifecycle.io.xpp3.LifecycleMappingsXpp3Reader,parseLifecycleConfiguration,2
org.apache.maven.profiles.RepositoryBase,equals,2
org.apache.maven.project.DuplicateArtifactAttachmentException,&lt;init&gt;,2
org.apache.maven.project.ReactorModelPool$GAKey,equals,2
org.apache.maven.project.artifact.ActiveProjectArtifact,&lt;init&gt;,2
org.apache.maven.project.interpolation.PathTranslatingPostProcessor,&lt;init&gt;,2
org.apache.maven.repository.VersionNotFoundException,&lt;init&gt;,2
org.apache.maven.repository.metadata.MetadataResolution,&lt;init&gt;,2
org.apache.maven.repository.metadata.MetadataTreeNode,&lt;init&gt;,2
org.apache.maven.settings.RepositoryBase,equals,2
org.apache.maven.toolchain.model.io.xpp3.MavenToolchainsXpp3Reader,parsePersistedToolchains,2
org.apache.maven.usability.plugin.ExpressionDocumenter,load,2
org.apache.maven.DefaultArtifactFilterManager,&lt;init&gt;,1
org.apache.maven.DefaultMaven,validateLocalRepository,1
org.apache.maven.DuplicateProjectException,getCollisions,1
org.apache.maven.artifact.DefaultArtifact,setOptional,1
org.apache.maven.artifact.DefaultArtifact,setRelease,1
org.apache.maven.artifact.DefaultArtifact,getAvailableVersions,1
org.apache.maven.artifact.DefaultArtifact,getDependencyTrail,1
org.apache.maven.artifact.DefaultArtifact,getRepository,1
org.apache.maven.artifact.DefaultArtifact,setAvailableVersions,1
org.apache.maven.artifact.DefaultArtifact,setDependencyTrail,1
org.apache.maven.artifact.DefaultArtifact,setRepository,1
org.apache.maven.artifact.handler.DefaultArtifactHandler,NOVALUE,1
org.apache.maven.artifact.manager.DefaultWagonManager,NOVALUE,1
org.apache.maven.artifact.manager.WagonConfigurationException,NOVALUE,1
org.apache.maven.artifact.manager.WagonManager,NOVALUE,1
org.apache.maven.artifact.metadata.AbstractArtifactMetadata,NOVALUE,1
org.apache.maven.artifact.metadata.ArtifactMetadata,NOVALUE,1
org.apache.maven.artifact.metadata.ArtifactMetadataRetrievalException,NOVALUE,1
org.apache.maven.artifact.metadata.ArtifactMetadataSource,NOVALUE,1
org.apache.maven.artifact.metadata.ResolutionGroup,NOVALUE,1
org.apache.maven.artifact.repository.DefaultArtifactRepository,getAuthentication,1
org.apache.maven.artifact.repository.DefaultArtifactRepository,getProxy,1
org.apache.maven.artifact.repository.DefaultArtifactRepository,getReleases,1
org.apache.maven.artifact.repository.DefaultArtifactRepository,getSnapshots,1
org.apache.maven.artifact.repository.DefaultArtifactRepository,setAuthentication,1
org.apache.maven.artifact.repository.DefaultArtifactRepository,setProxy,1
org.apache.maven.artifact.repository.DefaultArtifactRepository,setReleaseUpdatePolicy,1
org.apache.maven.artifact.repository.DefaultArtifactRepository,setSnapshotUpdatePolicy,1
org.apache.maven.artifact.repository.DefaultRepositoryRequest,getLocalRepository,1
org.apache.maven.artifact.repository.DefaultRepositoryRequest,getRemoteRepositories,1
org.apache.maven.artifact.repository.DefaultRepositoryRequest,setLocalRepository,1
org.apache.maven.artifact.repository.DefaultRepositoryRequest,setRemoteRepositories,1
org.apache.maven.artifact.repository.MavenArtifactRepository,getAuthentication,1
org.apache.maven.artifact.repository.MavenArtifactRepository,getProxy,1
org.apache.maven.artifact.repository.MavenArtifactRepository,getReleases,1
org.apache.maven.artifact.repository.MavenArtifactRepository,getSnapshots,1
org.apache.maven.artifact.repository.MavenArtifactRepository,setAuthentication,1
org.apache.maven.artifact.repository.MavenArtifactRepository,setProxy,1
org.apache.maven.artifact.repository.MavenArtifactRepository,setReleaseUpdatePolicy,1
org.apache.maven.artifact.repository.MavenArtifactRepository,setSnapshotUpdatePolicy,1
org.apache.maven.artifact.repository.metadata.AbstractRepositoryMetadata,getMetadata,1
org.apache.maven.artifact.repository.metadata.AbstractRepositoryMetadata,setMetadata,1
org.apache.maven.artifact.repository.metadata.ArtifactRepositoryMetadata,&lt;init&gt;,1
org.apache.maven.artifact.repository.metadata.DefaultRepositoryMetadataManager,getArtifactMetadataFromDeploymentRepository,1
org.apache.maven.artifact.repository.metadata.DefaultRepositoryMetadataManager,updateSnapshotMetadata,1
org.apache.maven.artifact.repository.metadata.Metadata,getPlugins,1
org.apache.maven.artifact.repository.metadata.Metadata,getVersioning,1
org.apache.maven.artifact.repository.metadata.Metadata,setPlugins,1
org.apache.maven.artifact.repository.metadata.Metadata,setVersioning,1
org.apache.maven.artifact.repository.metadata.RepositoryMetadataDeploymentException,NOVALUE,1
org.apache.maven.artifact.repository.metadata.RepositoryMetadataInstallationException,NOVALUE,1
org.apache.maven.artifact.repository.metadata.Versioning,getSnapshot,1
org.apache.maven.artifact.repository.metadata.Versioning,getSnapshotVersions,1
org.apache.maven.artifact.repository.metadata.Versioning,getVersions,1
org.apache.maven.artifact.repository.metadata.Versioning,setSnapshot,1
org.apache.maven.artifact.repository.metadata.Versioning,setSnapshotVersions,1
org.apache.maven.artifact.repository.metadata.Versioning,setVersions,1
org.apache.maven.artifact.repository.metadata.io.xpp3.MetadataXpp3Reader,getDoubleValue,1
org.apache.maven.artifact.repository.metadata.io.xpp3.MetadataXpp3Reader,getFloatValue,1
org.apache.maven.artifact.repository.metadata.io.xpp3.MetadataXpp3Reader,getIntegerValue,1
org.apache.maven.artifact.repository.metadata.io.xpp3.MetadataXpp3Reader,getLongValue,1
org.apache.maven.artifact.repository.metadata.io.xpp3.MetadataXpp3Reader,getBooleanValue,1
org.apache.maven.artifact.repository.metadata.io.xpp3.MetadataXpp3Reader,getDateValue,1
org.apache.maven.artifact.repository.metadata.io.xpp3.MetadataXpp3Writer,NOVALUE,1
org.apache.maven.artifact.resolver.AbstractArtifactResolutionException,getArtifact,1
org.apache.maven.artifact.resolver.AbstractArtifactResolutionException,getRemoteRepositories,1
org.apache.maven.artifact.resolver.ArtifactResolutionRequest,getArtifact,1
org.apache.maven.artifact.resolver.ArtifactResolutionRequest,getArtifactDependencies,1
org.apache.maven.artifact.resolver.ArtifactResolutionRequest,getListeners,1
org.apache.maven.artifact.resolver.ArtifactResolutionRequest,getLocalRepository,1
org.apache.maven.artifact.resolver.ArtifactResolutionRequest,getManagedVersionMap,1
org.apache.maven.artifact.resolver.ArtifactResolutionRequest,getMirrors,1
org.apache.maven.artifact.resolver.ArtifactResolutionRequest,getProxies,1
org.apache.maven.artifact.resolver.ArtifactResolutionRequest,getRemoteRepositories,1
org.apache.maven.artifact.resolver.ArtifactResolutionRequest,getServers,1
org.apache.maven.artifact.resolver.ArtifactResolutionRequest,setArtifact,1
org.apache.maven.artifact.resolver.ArtifactResolutionRequest,setArtifactDependencies,1
org.apache.maven.artifact.resolver.ArtifactResolutionRequest,setListeners,1
org.apache.maven.artifact.resolver.ArtifactResolutionRequest,setLocalRepository,1
org.apache.maven.artifact.resolver.ArtifactResolutionRequest,setManagedVersionMap,1
org.apache.maven.artifact.resolver.ArtifactResolutionRequest,setMirrors,1
org.apache.maven.artifact.resolver.ArtifactResolutionRequest,setProxies,1
org.apache.maven.artifact.resolver.ArtifactResolutionRequest,setRemoteRepositories,1
org.apache.maven.artifact.resolver.ArtifactResolutionRequest,setServers,1
org.apache.maven.artifact.resolver.ArtifactResolutionResult,getArtifactResolutionNodes,1
org.apache.maven.artifact.resolver.ArtifactResolutionResult,getArtifacts,1
org.apache.maven.artifact.resolver.ArtifactResolutionResult,getOriginatingArtifact,1
org.apache.maven.artifact.resolver.ArtifactResolutionResult,setArtifactResolutionNodes,1
org.apache.maven.artifact.resolver.ArtifactResolutionResult,setArtifacts,1
org.apache.maven.artifact.resolver.ArtifactResolutionResult,setOriginatingArtifact,1
org.apache.maven.artifact.resolver.ArtifactResolutionResult,setRepositories,1
org.apache.maven.artifact.resolver.ArtifactResolutionResult,setUnresolvedArtifacts,1
org.apache.maven.artifact.resolver.CyclicDependencyException,getArtifact,1
org.apache.maven.artifact.resolver.CyclicDependencyException,&lt;init&gt;,1
org.apache.maven.artifact.resolver.MultipleArtifactsNotFoundException,getMissingArtifacts,1
org.apache.maven.artifact.resolver.MultipleArtifactsNotFoundException,getResolvedArtifacts,1
org.apache.maven.artifact.resolver.ResolutionNode,getArtifact,1
org.apache.maven.artifact.resolver.ResolutionNode,getRemoteRepositories,1
org.apache.maven.artifact.resolver.ResolutionNode,setArtifact,1
org.apache.maven.artifact.resolver.UnresolvedArtifacts,getArtifacts,1
org.apache.maven.artifact.resolver.UnresolvedArtifacts,getOriginatingArtifact,1
org.apache.maven.artifact.resolver.UnresolvedArtifacts,getRemoteRepositories,1
org.apache.maven.artifact.resolver.WarningResolutionListener,NOVALUE,1
org.apache.maven.artifact.resolver.filter.CumulativeScopeArtifactFilter,getScopes,1
org.apache.maven.artifact.resolver.filter.ExclusionArtifactFilter,&lt;init&gt;,1
org.apache.maven.artifact.resolver.filter.ExclusionSetFilter,&lt;init&gt;,1
org.apache.maven.artifact.resolver.filter.IncludesArtifactFilter,include,1
org.apache.maven.artifact.versioning.ComparableVersion$IntItem,&lt;init&gt;,1
org.apache.maven.artifact.versioning.ComparableVersion$ListItem,compareTo,1
org.apache.maven.artifact.versioning.ComparableVersion$LongItem,&lt;init&gt;,1
org.apache.maven.artifact.versioning.ManagedVersionMap,toString,1
org.apache.maven.artifact.versioning.VersionRange,getRestrictions,1
org.apache.maven.building.FileSource,equals,1
org.apache.maven.building.StringSource,equals,1
org.apache.maven.classrealm.DefaultClassRealmManager,&lt;init&gt;,1
org.apache.maven.cli.CLIManager,displayHelp,1
org.apache.maven.cli.CleanArgument,cleanArgs,1
org.apache.maven.cli.CliRequest,getArgs,1
org.apache.maven.cli.CliRequest,getRequest,1
org.apache.maven.cli.CliRequest,getSystemProperties,1
org.apache.maven.cli.CliRequest,getUserProperties,1
org.apache.maven.cli.MavenCli,cli,1
org.apache.maven.cli.MavenCli,logging,1
org.apache.maven.cli.event.DefaultEventSpyContext,getData,1
org.apache.maven.cli.event.ExecutionEventLogger,sessionStarted,1
org.apache.maven.cli.internal.extension.model.CoreExtensions,getExtensions,1
org.apache.maven.cli.internal.extension.model.CoreExtensions,setExtensions,1
org.apache.maven.cli.internal.extension.model.io.xpp3.CoreExtensionsXpp3Reader,getDoubleValue,1
org.apache.maven.cli.internal.extension.model.io.xpp3.CoreExtensionsXpp3Reader,getFloatValue,1
org.apache.maven.cli.internal.extension.model.io.xpp3.CoreExtensionsXpp3Reader,getIntegerValue,1
org.apache.maven.cli.internal.extension.model.io.xpp3.CoreExtensionsXpp3Reader,getLongValue,1
org.apache.maven.cli.internal.extension.model.io.xpp3.CoreExtensionsXpp3Reader,getBooleanValue,1
org.apache.maven.cli.internal.extension.model.io.xpp3.CoreExtensionsXpp3Reader,getDateValue,1
org.apache.maven.cli.logging.impl.UnsupportedSlf4jBindingConfiguration,NOVALUE,1
org.apache.maven.eventspy.internal.EventSpyDispatcher,getEventSpies,1
org.apache.maven.exception.ExceptionSummary,getException,1
org.apache.maven.exception.ExceptionSummary,&lt;init&gt;,1
org.apache.maven.execution.BuildFailure,getCause,1
org.apache.maven.execution.BuildFailure,&lt;init&gt;,1
org.apache.maven.execution.BuildResumptionData,getRemainingProjects,1
org.apache.maven.execution.BuildResumptionData,&lt;init&gt;,1
org.apache.maven.execution.BuildSummary,getProject,1
org.apache.maven.execution.DefaultBuildResumptionDataRepository,persistResumptionData,1
org.apache.maven.execution.DefaultMavenExecutionRequest,getData,1
org.apache.maven.execution.DefaultMavenExecutionRequest,getEventSpyDispatcher,1
org.apache.maven.execution.DefaultMavenExecutionRequest,getGoals,1
org.apache.maven.execution.DefaultMavenExecutionRequest,getLocalRepository,1
org.apache.maven.execution.DefaultMavenExecutionRequest,getMirrors,1
org.apache.maven.execution.DefaultMavenExecutionRequest,getPluginArtifactRepositories,1
org.apache.maven.execution.DefaultMavenExecutionRequest,getPluginGroups,1
org.apache.maven.execution.DefaultMavenExecutionRequest,getProfileActivation,1
org.apache.maven.execution.DefaultMavenExecutionRequest,getProfiles,1
org.apache.maven.execution.DefaultMavenExecutionRequest,getProjectActivation,1
org.apache.maven.execution.DefaultMavenExecutionRequest,getProjectBuildingRequest,1
org.apache.maven.execution.DefaultMavenExecutionRequest,getProxies,1
org.apache.maven.execution.DefaultMavenExecutionRequest,getRemoteRepositories,1
org.apache.maven.execution.DefaultMavenExecutionRequest,getServers,1
org.apache.maven.execution.DefaultMavenExecutionRequest,getStartTime,1
org.apache.maven.execution.DefaultMavenExecutionRequest,getSystemProperties,1
org.apache.maven.execution.DefaultMavenExecutionRequest,getToolchains,1
org.apache.maven.execution.DefaultMavenExecutionRequest,getUserProperties,1
org.apache.maven.execution.DefaultMavenExecutionRequest,setEventSpyDispatcher,1
org.apache.maven.execution.DefaultMavenExecutionRequest,setLocalRepository,1
org.apache.maven.execution.DefaultMavenExecutionRequest,setProjectBuildingConfiguration,1
org.apache.maven.execution.DefaultMavenExecutionRequest,setStartTime,1
org.apache.maven.execution.DefaultMavenExecutionRequest,setToolchains,1
org.apache.maven.execution.DefaultMavenExecutionResult,setCanResume,1
org.apache.maven.execution.DefaultMavenExecutionResult,getExceptions,1
org.apache.maven.execution.DefaultMavenExecutionResult,getProject,1
org.apache.maven.execution.DefaultMavenExecutionResult,setProject,1
org.apache.maven.execution.DefaultMavenExecutionResult,setTopologicallySortedProjects,1
org.apache.maven.execution.MavenSession,getAllProjects,1
org.apache.maven.execution.MavenSession,getCurrentProject,1
org.apache.maven.execution.MavenSession,getExecutionProperties,1
org.apache.maven.execution.MavenSession,getProjectMap,1
org.apache.maven.execution.MavenSession,getProjects,1
org.apache.maven.execution.MavenSession,getRequest,1
org.apache.maven.execution.MavenSession,getResult,1
org.apache.maven.execution.MavenSession,getSettings,1
org.apache.maven.execution.MavenSession,getTopLevelProject,1
org.apache.maven.execution.MavenSession,setAllProjects,1
org.apache.maven.execution.MavenSession,setCurrentProject,1
org.apache.maven.execution.MavenSession,setProjectMap,1
org.apache.maven.execution.MavenSession,setProjects,1
org.apache.maven.execution.MojoExecutionEvent,getCause,1
org.apache.maven.execution.MojoExecutionEvent,getExecution,1
org.apache.maven.execution.MojoExecutionEvent,getMojo,1
org.apache.maven.execution.MojoExecutionEvent,getProject,1
org.apache.maven.execution.MojoExecutionEvent,getSession,1
org.apache.maven.execution.ProjectExecutionEvent,getCause,1
org.apache.maven.execution.ProjectExecutionEvent,getExecutionPlan,1
org.apache.maven.execution.ProjectExecutionEvent,getProject,1
org.apache.maven.execution.ProjectExecutionEvent,getSession,1
org.apache.maven.execution.SettingsAdapter,NOVALUE,1
org.apache.maven.graph.DefaultGraphBuilder,&lt;init&gt;,1
org.apache.maven.lifecycle.DefaultLifecycles,&lt;init&gt;,1
org.apache.maven.lifecycle.DefaultLifecycles,NOVALUE,1
org.apache.maven.lifecycle.Lifecycle,getDefaultLifecyclePhases,1
org.apache.maven.lifecycle.Lifecycle,getPhases,1
org.apache.maven.lifecycle.LifecycleExecutionException,getProject,1
org.apache.maven.lifecycle.MavenExecutionPlan,&lt;init&gt;,1
org.apache.maven.lifecycle.internal.DependencyContext,getProject,1
org.apache.maven.lifecycle.internal.DependencyContext,getScopesToCollectForAggregatedProjects,1
org.apache.maven.lifecycle.internal.DependencyContext,getScopesToCollectForCurrentProject,1
org.apache.maven.lifecycle.internal.DependencyContext,getScopesToResolveForAggregatedProjects,1
org.apache.maven.lifecycle.internal.DependencyContext,getScopesToResolveForCurrentProject,1
org.apache.maven.lifecycle.internal.ExecutionPlanItem,getMojoExecution,1
org.apache.maven.lifecycle.internal.ExecutionPlanItem,&lt;init&gt;,1
org.apache.maven.lifecycle.internal.LifecycleDependencyResolver,resolveProjectDependencies,1
org.apache.maven.lifecycle.internal.LifecycleStarter,execute,1
org.apache.maven.lifecycle.internal.MojoDescriptorCreator,getMojoDescriptor,1
org.apache.maven.lifecycle.internal.PhaseRecorder,&lt;init&gt;,1
org.apache.maven.lifecycle.internal.ProjectIndex,getIndices,1
org.apache.maven.lifecycle.internal.ProjectIndex,getProjects,1
org.apache.maven.lifecycle.internal.ProjectSegment,getImmediateUpstreamProjects,1
org.apache.maven.lifecycle.internal.ProjectSegment,getProject,1
org.apache.maven.lifecycle.internal.ProjectSegment,getSession,1
org.apache.maven.lifecycle.internal.ProjectSegment,getTransitiveUpstreamProjects,1
org.apache.maven.lifecycle.internal.ReactorContext,getResult,1
org.apache.maven.lifecycle.internal.ReactorContext,&lt;init&gt;,1
org.apache.maven.lifecycle.internal.TaskSegment,getTasks,1
org.apache.maven.lifecycle.internal.builder.BuilderCommon,&lt;init&gt;,1
org.apache.maven.lifecycle.internal.builder.multithreaded.ThreadOutputMuxer,setThisModuleComplete,1
org.apache.maven.lifecycle.internal.builder.multithreaded.ThreadOutputMuxer$ThreadBoundPrintStream,&lt;init&gt;,1
org.apache.maven.lifecycle.internal.builder.singlethreaded.SingleThreadedBuilder,&lt;init&gt;,1
org.apache.maven.lifecycle.mapping.DefaultLifecycleMapping,getLifecycles,1
org.apache.maven.lifecycle.mapping.Lifecycle,getLifecyclePhases,1
org.apache.maven.lifecycle.mapping.Lifecycle,setLifecyclePhases,1
org.apache.maven.lifecycle.mapping.LifecycleMojo,getDependencies,1
org.apache.maven.lifecycle.mapping.LifecycleMojo,setDependencies,1
org.apache.maven.lifecycle.mapping.LifecyclePhase,getMojos,1
org.apache.maven.lifecycle.mapping.LifecyclePhase,setMojos,1
org.apache.maven.logwrapper.LogLevelRecorder,&lt;init&gt;,1
org.apache.maven.model.Activation,getFile,1
org.apache.maven.model.Activation,getOs,1
org.apache.maven.model.Activation,getProperty,1
org.apache.maven.model.Activation,setFile,1
org.apache.maven.model.Activation,setOs,1
org.apache.maven.model.Activation,setProperty,1
org.apache.maven.model.Build,getExtensions,1
org.apache.maven.model.Build,setExtensions,1
org.apache.maven.model.BuildBase,getFilters,1
org.apache.maven.model.BuildBase,getResources,1
org.apache.maven.model.BuildBase,getTestResources,1
org.apache.maven.model.BuildBase,setFilters,1
org.apache.maven.model.BuildBase,setResources,1
org.apache.maven.model.BuildBase,setTestResources,1
org.apache.maven.model.CiManagement,getNotifiers,1
org.apache.maven.model.CiManagement,setNotifiers,1
org.apache.maven.model.Contributor,getProperties,1
org.apache.maven.model.Contributor,getRoles,1
org.apache.maven.model.Contributor,setProperties,1
org.apache.maven.model.Contributor,setRoles,1
org.apache.maven.model.Dependency,getExclusions,1
org.apache.maven.model.Dependency,setExclusions,1
org.apache.maven.model.DependencyManagement,getDependencies,1
org.apache.maven.model.DependencyManagement,setDependencies,1
org.apache.maven.model.DeploymentRepository,equals,1
org.apache.maven.model.DistributionManagement,getRelocation,1
org.apache.maven.model.DistributionManagement,getRepository,1
org.apache.maven.model.DistributionManagement,getSite,1
org.apache.maven.model.DistributionManagement,getSnapshotRepository,1
org.apache.maven.model.DistributionManagement,setRelocation,1
org.apache.maven.model.DistributionManagement,setRepository,1
org.apache.maven.model.DistributionManagement,setSite,1
org.apache.maven.model.DistributionManagement,setSnapshotRepository,1
org.apache.maven.model.InputLocation,getLocation,1
org.apache.maven.model.InputLocation,getLocations,1
org.apache.maven.model.InputLocation,getSource,1
org.apache.maven.model.InputLocation,&lt;init&gt;,1
org.apache.maven.model.InputLocation,setLocation,1
org.apache.maven.model.InputLocation,setLocations,1
org.apache.maven.model.MailingList,getOtherArchives,1
org.apache.maven.model.MailingList,setOtherArchives,1
org.apache.maven.model.Model,getBuild,1
org.apache.maven.model.Model,getCiManagement,1
org.apache.maven.model.Model,getContributors,1
org.apache.maven.model.Model,getDevelopers,1
org.apache.maven.model.Model,getIssueManagement,1
org.apache.maven.model.Model,getLicenses,1
org.apache.maven.model.Model,getMailingLists,1
org.apache.maven.model.Model,getOrganization,1
org.apache.maven.model.Model,getParent,1
org.apache.maven.model.Model,getPrerequisites,1
org.apache.maven.model.Model,getProfiles,1
org.apache.maven.model.Model,getScm,1
org.apache.maven.model.Model,setBuild,1
org.apache.maven.model.Model,setCiManagement,1
org.apache.maven.model.Model,setContributors,1
org.apache.maven.model.Model,setDevelopers,1
org.apache.maven.model.Model,setIssueManagement,1
org.apache.maven.model.Model,setLicenses,1
org.apache.maven.model.Model,setMailingLists,1
org.apache.maven.model.Model,setOrganization,1
org.apache.maven.model.Model,setParent,1
org.apache.maven.model.Model,setPrerequisites,1
org.apache.maven.model.Model,setProfiles,1
org.apache.maven.model.Model,setScm,1
org.apache.maven.model.ModelBase,getDependencies,1
org.apache.maven.model.ModelBase,getDependencyManagement,1
org.apache.maven.model.ModelBase,getDistributionManagement,1
org.apache.maven.model.ModelBase,getModules,1
org.apache.maven.model.ModelBase,getPluginRepositories,1
org.apache.maven.model.ModelBase,getProperties,1
org.apache.maven.model.ModelBase,getReporting,1
org.apache.maven.model.ModelBase,getRepositories,1
org.apache.maven.model.ModelBase,setDependencies,1
org.apache.maven.model.ModelBase,setDependencyManagement,1
org.apache.maven.model.ModelBase,setDistributionManagement,1
org.apache.maven.model.ModelBase,setModules,1
org.apache.maven.model.ModelBase,setPluginRepositories,1
org.apache.maven.model.ModelBase,setProperties,1
org.apache.maven.model.ModelBase,setReporting,1
org.apache.maven.model.ModelBase,setRepositories,1
org.apache.maven.model.Notifier,getConfiguration,1
org.apache.maven.model.Notifier,setConfiguration,1
org.apache.maven.model.PatternSet,getExcludes,1
org.apache.maven.model.PatternSet,getIncludes,1
org.apache.maven.model.PatternSet,setExcludes,1
org.apache.maven.model.PatternSet,setIncludes,1
org.apache.maven.model.Plugin,getDependencies,1
org.apache.maven.model.Plugin,getExecutions,1
org.apache.maven.model.Plugin,getExecutionsAsMap,1
org.apache.maven.model.Plugin,setDependencies,1
org.apache.maven.model.Plugin,setExecutions,1
org.apache.maven.model.PluginConfiguration,getPluginManagement,1
org.apache.maven.model.PluginConfiguration,setPluginManagement,1
org.apache.maven.model.PluginContainer,getPlugins,1
org.apache.maven.model.PluginContainer,getPluginsAsMap,1
org.apache.maven.model.PluginContainer,setPlugins,1
org.apache.maven.model.PluginExecution,getGoals,1
org.apache.maven.model.PluginExecution,setGoals,1
org.apache.maven.model.Profile,getActivation,1
org.apache.maven.model.Profile,getBuild,1
org.apache.maven.model.Profile,setActivation,1
org.apache.maven.model.Profile,setBuild,1
org.apache.maven.model.ReportPlugin,getReportSets,1
org.apache.maven.model.ReportPlugin,getReportSetsAsMap,1
org.apache.maven.model.ReportPlugin,setReportSets,1
org.apache.maven.model.ReportSet,getReports,1
org.apache.maven.model.ReportSet,setReports,1
org.apache.maven.model.Reporting,getPlugins,1
org.apache.maven.model.Reporting,getReportPluginsAsMap,1
org.apache.maven.model.Reporting,setPlugins,1
org.apache.maven.model.Repository,getReleases,1
org.apache.maven.model.Repository,getSnapshots,1
org.apache.maven.model.Repository,setReleases,1
org.apache.maven.model.Repository,setSnapshots,1
org.apache.maven.model.Repository,equals,1
org.apache.maven.model.Resource,initMergeId,1
org.apache.maven.model.building.AbstractModelSourceTransformer,getTransformerFactory,1
org.apache.maven.model.building.AbstractModelSourceTransformer$ThreadAwareInputStream,NOVALUE,1
org.apache.maven.model.building.ArtifactModelSource,equals,1
org.apache.maven.model.building.DefaultModelBuilder,loadDependencyManagement,1
org.apache.maven.model.building.DefaultModelBuilder,checkPluginVersions,1
org.apache.maven.model.building.DefaultModelBuildingRequest,setLocationTracking,1
org.apache.maven.model.building.DefaultModelBuildingRequest,setProcessPlugins,1
org.apache.maven.model.building.DefaultModelBuildingRequest,setTwoPhaseBuilding,1
org.apache.maven.model.building.DefaultModelBuildingRequest,setValidationLevel,1
org.apache.maven.model.building.DefaultModelBuildingRequest,getActiveProfileIds,1
org.apache.maven.model.building.DefaultModelBuildingRequest,getBuildStartTime,1
org.apache.maven.model.building.DefaultModelBuildingRequest,getFileModel,1
org.apache.maven.model.building.DefaultModelBuildingRequest,getInactiveProfileIds,1
org.apache.maven.model.building.DefaultModelBuildingRequest,getModelCache,1
org.apache.maven.model.building.DefaultModelBuildingRequest,getModelResolver,1
org.apache.maven.model.building.DefaultModelBuildingRequest,getProfiles,1
org.apache.maven.model.building.DefaultModelBuildingRequest,getSystemProperties,1
org.apache.maven.model.building.DefaultModelBuildingRequest,getUserProperties,1
org.apache.maven.model.building.DefaultModelBuildingRequest,setBuildStartTime,1
org.apache.maven.model.building.DefaultModelBuildingRequest,setFileModel,1
org.apache.maven.model.building.DefaultModelBuildingRequest,setModelCache,1
org.apache.maven.model.building.DefaultModelBuildingRequest,setModelResolver,1
org.apache.maven.model.building.DefaultModelProblem,getException,1
org.apache.maven.model.building.DefaultModelProblem,&lt;init&gt;,1
org.apache.maven.model.building.DefaultTransformerContext$Holder,computeIfAbsent,1
org.apache.maven.model.building.FileModelSource,equals,1
org.apache.maven.model.building.FilterModelBuildingRequest,setRawModel,1
org.apache.maven.model.building.ModelBuildingException,NOVALUE,1
org.apache.maven.model.building.ModelProblemCollectorRequest,getException,1
org.apache.maven.model.building.ModelProblemCollectorRequest,getLocation,1
org.apache.maven.model.building.ModelProblemCollectorRequest,setException,1
org.apache.maven.model.building.ModelProblemCollectorRequest,setLocation,1
org.apache.maven.model.interpolation.StringSearchModelInterpolator$InterpolateObjectAction$CacheItem,&lt;init&gt;,1
org.apache.maven.model.io.DefaultModelWriter,write,1
org.apache.maven.model.io.xpp3.MavenXpp3Reader,getDoubleValue,1
org.apache.maven.model.io.xpp3.MavenXpp3Reader,getFloatValue,1
org.apache.maven.model.io.xpp3.MavenXpp3Reader,getIntegerValue,1
org.apache.maven.model.io.xpp3.MavenXpp3Reader,getLongValue,1
org.apache.maven.model.io.xpp3.MavenXpp3Reader,getBooleanValue,1
org.apache.maven.model.io.xpp3.MavenXpp3Reader,getDateValue,1
org.apache.maven.model.io.xpp3.MavenXpp3ReaderEx,getDoubleValue,1
org.apache.maven.model.io.xpp3.MavenXpp3ReaderEx,getFloatValue,1
org.apache.maven.model.io.xpp3.MavenXpp3ReaderEx,getIntegerValue,1
org.apache.maven.model.io.xpp3.MavenXpp3ReaderEx,getLongValue,1
org.apache.maven.model.io.xpp3.MavenXpp3ReaderEx,getBooleanValue,1
org.apache.maven.model.io.xpp3.MavenXpp3ReaderEx,getDateValue,1
org.apache.maven.model.resolution.InvalidRepositoryException,getRepository,1
org.apache.maven.plugin.AbstractMojo,getPluginContext,1
org.apache.maven.plugin.AbstractMojo,setPluginContext,1
org.apache.maven.plugin.CycleDetectedInPluginGraphException,getPlugin,1
org.apache.maven.plugin.CycleDetectedInPluginGraphException,&lt;init&gt;,1
org.apache.maven.plugin.ExtensionRealmCache$CacheRecord,getArtifacts,1
org.apache.maven.plugin.ExtensionRealmCache$CacheRecord,getDescriptor,1
org.apache.maven.plugin.MojoExecution,getForkedExecutions,1
org.apache.maven.plugin.MojoExecution,getPlugin,1
org.apache.maven.plugin.MojoExecution,&lt;init&gt;,1
org.apache.maven.plugin.PluginArtifactsCache$CacheRecord,getArtifacts,1
org.apache.maven.plugin.PluginArtifactsCache$CacheRecord,getException,1
org.apache.maven.plugin.PluginExecutionException,getMojoExecution,1
org.apache.maven.plugin.PluginManagerException,getProject,1
org.apache.maven.plugin.PluginNotFoundException,getPlugin,1
org.apache.maven.plugin.PluginParameterException,getParameters,1
org.apache.maven.plugin.PluginParameterException,&lt;init&gt;,1
org.apache.maven.plugin.PluginRealmCache$CacheRecord,getArtifacts,1
org.apache.maven.plugin.PluginRealmCache$CacheRecord,&lt;init&gt;,1
org.apache.maven.plugin.PluginResolutionException,getPlugin,1
org.apache.maven.plugin.PluginResolutionException,&lt;init&gt;,1
org.apache.maven.plugin.descriptor.MojoDescriptor,getParameterMap,1
org.apache.maven.plugin.descriptor.MojoDescriptor,getParameters,1
org.apache.maven.plugin.descriptor.PluginDescriptor,getArtifactMap,1
org.apache.maven.plugin.descriptor.PluginDescriptor,getArtifacts,1
org.apache.maven.plugin.descriptor.PluginDescriptor,getPlugin,1
org.apache.maven.plugin.descriptor.PluginDescriptor,getPluginArtifact,1
org.apache.maven.plugin.descriptor.PluginDescriptor,setArtifacts,1
org.apache.maven.plugin.descriptor.PluginDescriptor,setIntroducedDependencyArtifacts,1
org.apache.maven.plugin.descriptor.PluginDescriptor,setPlugin,1
org.apache.maven.plugin.descriptor.PluginDescriptor,setPluginArtifact,1
org.apache.maven.plugin.internal.DefaultMavenPluginManager,setupExtensionsRealm,1
org.apache.maven.plugin.internal.DefaultPluginManager,getPluginDescriptorForPrefix,1
org.apache.maven.plugin.lifecycle.Execution,getGoals,1
org.apache.maven.plugin.lifecycle.Execution,setGoals,1
org.apache.maven.plugin.lifecycle.Lifecycle,getPhases,1
org.apache.maven.plugin.lifecycle.Lifecycle,setPhases,1
org.apache.maven.plugin.lifecycle.LifecycleConfiguration,getLifecycles,1
org.apache.maven.plugin.lifecycle.LifecycleConfiguration,setLifecycles,1
org.apache.maven.plugin.lifecycle.Phase,getExecutions,1
org.apache.maven.plugin.lifecycle.Phase,setExecutions,1
org.apache.maven.plugin.lifecycle.io.xpp3.LifecycleMappingsXpp3Reader,getDoubleValue,1
org.apache.maven.plugin.lifecycle.io.xpp3.LifecycleMappingsXpp3Reader,getFloatValue,1
org.apache.maven.plugin.lifecycle.io.xpp3.LifecycleMappingsXpp3Reader,getIntegerValue,1
org.apache.maven.plugin.lifecycle.io.xpp3.LifecycleMappingsXpp3Reader,getLongValue,1
org.apache.maven.plugin.lifecycle.io.xpp3.LifecycleMappingsXpp3Reader,getBooleanValue,1
org.apache.maven.plugin.lifecycle.io.xpp3.LifecycleMappingsXpp3Reader,getDateValue,1
org.apache.maven.plugin.prefix.DefaultPluginPrefixRequest,getPom,1
org.apache.maven.plugin.prefix.DefaultPluginPrefixRequest,setPom,1
org.apache.maven.plugin.prefix.NoPluginFoundForPrefixException,format,1
org.apache.maven.plugin.version.DefaultPluginVersionRequest,getPom,1
org.apache.maven.plugin.version.DefaultPluginVersionRequest,setPom,1
org.apache.maven.profiles.Activation,getFile,1
org.apache.maven.profiles.Activation,getOs,1
org.apache.maven.profiles.Activation,getProperty,1
org.apache.maven.profiles.Activation,setFile,1
org.apache.maven.profiles.Activation,setOs,1
org.apache.maven.profiles.Activation,setProperty,1
org.apache.maven.profiles.DefaultProfileManager,getExplicitlyActivatedIds,1
org.apache.maven.profiles.DefaultProfileManager,getExplicitlyDeactivatedIds,1
org.apache.maven.profiles.DefaultProfileManager,getIdsActivatedByDefault,1
org.apache.maven.profiles.DefaultProfileManager,getProfilesById,1
org.apache.maven.profiles.DefaultProfileManager,getRequestProperties,1
org.apache.maven.profiles.Profile,getActivation,1
org.apache.maven.profiles.Profile,getPluginRepositories,1
org.apache.maven.profiles.Profile,getProperties,1
org.apache.maven.profiles.Profile,getRepositories,1
org.apache.maven.profiles.Profile,setActivation,1
org.apache.maven.profiles.Profile,setPluginRepositories,1
org.apache.maven.profiles.Profile,setProperties,1
org.apache.maven.profiles.Profile,setRepositories,1
org.apache.maven.profiles.ProfilesRoot,getActiveProfiles,1
org.apache.maven.profiles.ProfilesRoot,getProfiles,1
org.apache.maven.profiles.ProfilesRoot,setActiveProfiles,1
org.apache.maven.profiles.ProfilesRoot,setProfiles,1
org.apache.maven.profiles.Repository,getReleases,1
org.apache.maven.profiles.Repository,getSnapshots,1
org.apache.maven.profiles.Repository,setReleases,1
org.apache.maven.profiles.Repository,setSnapshots,1
org.apache.maven.profiles.Repository,equals,1
org.apache.maven.profiles.io.xpp3.ProfilesXpp3Reader,getDoubleValue,1
org.apache.maven.profiles.io.xpp3.ProfilesXpp3Reader,getFloatValue,1
org.apache.maven.profiles.io.xpp3.ProfilesXpp3Reader,getIntegerValue,1
org.apache.maven.profiles.io.xpp3.ProfilesXpp3Reader,getLongValue,1
org.apache.maven.profiles.io.xpp3.ProfilesXpp3Reader,getBooleanValue,1
org.apache.maven.profiles.io.xpp3.ProfilesXpp3Reader,getDateValue,1
org.apache.maven.project.DefaultDependencyResolutionRequest,getMavenProject,1
org.apache.maven.project.DefaultDependencyResolutionRequest,setMavenProject,1
org.apache.maven.project.DefaultMavenProjectHelper,&lt;init&gt;,1
org.apache.maven.project.DefaultModelBuildingListener,getProject,1
org.apache.maven.project.DefaultProjectBuilder,initProject,1
org.apache.maven.project.DefaultProjectBuilderConfiguration,getBuildStartTime,1
org.apache.maven.project.DefaultProjectBuilderConfiguration,getExecutionProperties,1
org.apache.maven.project.DefaultProjectBuilderConfiguration,getGlobalProfileManager,1
org.apache.maven.project.DefaultProjectBuilderConfiguration,getLocalRepository,1
org.apache.maven.project.DefaultProjectBuilderConfiguration,getUserProperties,1
org.apache.maven.project.DefaultProjectBuilderConfiguration,setBuildStartTime,1
org.apache.maven.project.DefaultProjectBuilderConfiguration,setExecutionProperties,1
org.apache.maven.project.DefaultProjectBuilderConfiguration,setGlobalProfileManager,1
org.apache.maven.project.DefaultProjectBuilderConfiguration,setLocalRepository,1
org.apache.maven.project.DefaultProjectBuilderConfiguration,setUserProperties,1
org.apache.maven.project.DefaultProjectBuildingRequest,getActiveProfileIds,1
org.apache.maven.project.DefaultProjectBuildingRequest,getBuildStartTime,1
org.apache.maven.project.DefaultProjectBuildingRequest,getInactiveProfileIds,1
org.apache.maven.project.DefaultProjectBuildingRequest,getLocalRepository,1
org.apache.maven.project.DefaultProjectBuildingRequest,getPluginArtifactRepositories,1
org.apache.maven.project.DefaultProjectBuildingRequest,getProfiles,1
org.apache.maven.project.DefaultProjectBuildingRequest,getProject,1
org.apache.maven.project.DefaultProjectBuildingRequest,getRemoteRepositories,1
org.apache.maven.project.DefaultProjectBuildingRequest,getSystemProperties,1
org.apache.maven.project.DefaultProjectBuildingRequest,getUserProperties,1
org.apache.maven.project.DefaultProjectBuildingRequest,setBuildStartTime,1
org.apache.maven.project.DefaultProjectBuildingRequest,setLocalRepository,1
org.apache.maven.project.DefaultProjectBuildingRequest,setProject,1
org.apache.maven.project.DuplicateArtifactAttachmentException,getArtifact,1
org.apache.maven.project.DuplicateArtifactAttachmentException,getProject,1
org.apache.maven.project.ExtensionDescriptor,getExportedArtifacts,1
org.apache.maven.project.ExtensionDescriptor,getExportedPackages,1
org.apache.maven.project.InvalidProjectModelException,getValidationResult,1
org.apache.maven.project.InvalidProjectModelException,&lt;init&gt;,1
org.apache.maven.project.MavenProject,setExecutionRoot,1
org.apache.maven.project.MavenProject,getActiveProfiles,1
org.apache.maven.project.MavenProject,getArtifact,1
org.apache.maven.project.MavenProject,getArtifactMap,1
org.apache.maven.project.MavenProject,getArtifacts,1
org.apache.maven.project.MavenProject,getCollectedProjects,1
org.apache.maven.project.MavenProject,getCompileSourceRoots,1
org.apache.maven.project.MavenProject,getDependencyArtifacts,1
org.apache.maven.project.MavenProject,getExtensionArtifactMap,1
org.apache.maven.project.MavenProject,getExtensionArtifacts,1
org.apache.maven.project.MavenProject,getInjectedProfileIds,1
org.apache.maven.project.MavenProject,getManagedVersionMap,1
org.apache.maven.project.MavenProject,getModel,1
org.apache.maven.project.MavenProject,getOriginalModel,1
org.apache.maven.project.MavenProject,getParent,1
org.apache.maven.project.MavenProject,getParentArtifact,1
org.apache.maven.project.MavenProject,getPluginArtifactMap,1
org.apache.maven.project.MavenProject,getPluginArtifactRepositories,1
org.apache.maven.project.MavenProject,getPluginArtifacts,1
org.apache.maven.project.MavenProject,getProjectBuildingRequest,1
org.apache.maven.project.MavenProject,getProjectReferences,1
org.apache.maven.project.MavenProject,getRemoteArtifactRepositories,1
org.apache.maven.project.MavenProject,getRemotePluginRepositories,1
org.apache.maven.project.MavenProject,getRemoteProjectRepositories,1
org.apache.maven.project.MavenProject,getReportArtifactMap,1
org.apache.maven.project.MavenProject,getReportArtifacts,1
org.apache.maven.project.MavenProject,getScriptSourceRoots,1
org.apache.maven.project.MavenProject,getTestCompileSourceRoots,1
org.apache.maven.project.MavenProject,setActiveProfiles,1
org.apache.maven.project.MavenProject,setArtifact,1
org.apache.maven.project.MavenProject,setArtifacts,1
org.apache.maven.project.MavenProject,setCollectedProjects,1
org.apache.maven.project.MavenProject,setDependencyArtifacts,1
org.apache.maven.project.MavenProject,setExecutionProject,1
org.apache.maven.project.MavenProject,setExtensionArtifacts,1
org.apache.maven.project.MavenProject,setManagedVersionMap,1
org.apache.maven.project.MavenProject,setModel,1
org.apache.maven.project.MavenProject,setOriginalModel,1
org.apache.maven.project.MavenProject,setParent,1
org.apache.maven.project.MavenProject,setParentArtifact,1
org.apache.maven.project.MavenProject,setPluginArtifactRepositories,1
org.apache.maven.project.MavenProject,setPluginArtifacts,1
org.apache.maven.project.MavenProject,setProjectBuildingRequest,1
org.apache.maven.project.MavenProject,setReleaseArtifactRepository,1
org.apache.maven.project.MavenProject,setRemoteArtifactRepositories,1
org.apache.maven.project.MavenProject,setReportArtifacts,1
org.apache.maven.project.MavenProject,setSnapshotArtifactRepository,1
org.apache.maven.project.MavenProject,getDefaultGoal,1
org.apache.maven.project.ProjectBuildingException,getResults,1
org.apache.maven.project.ProjectBuildingException,&lt;init&gt;,1
org.apache.maven.project.ProjectModelResolver,NOVALUE,1
org.apache.maven.project.ProjectSorter,&lt;init&gt;,1
org.apache.maven.project.ProjectSorter,getProjectMap,1
org.apache.maven.project.ProjectSorter,getTopLevelProject,1
org.apache.maven.project.artifact.AttachedArtifact,equals,1
org.apache.maven.project.artifact.DefaultMavenMetadataCache$CacheRecord,getArtifact,1
org.apache.maven.project.artifact.DefaultMavenMetadataCache$CacheRecord,getArtifacts,1
org.apache.maven.project.artifact.DefaultMavenMetadataCache$CacheRecord,getManagedVersions,1
org.apache.maven.project.artifact.DefaultMavenMetadataCache$CacheRecord,getRelocatedArtifact,1
org.apache.maven.project.artifact.DefaultMavenMetadataCache$CacheRecord,getRemoteRepositories,1
org.apache.maven.project.artifact.DefaultMavenMetadataCache$CacheRecord,NOVALUE,1
org.apache.maven.project.artifact.InvalidDependencyVersionException,getDependency,1
org.apache.maven.project.artifact.InvalidDependencyVersionException,&lt;init&gt;,1
org.apache.maven.project.artifact.PluginArtifact,&lt;init&gt;,1
org.apache.maven.project.artifact.PluginArtifact,equals,1
org.apache.maven.project.artifact.ProjectArtifact,getProject,1
org.apache.maven.project.artifact.ProjectArtifact,&lt;init&gt;,1
org.apache.maven.project.artifact.ProjectArtifact,equals,1
org.apache.maven.project.artifact.ProjectArtifactsCache$CacheRecord,getArtifacts,1
org.apache.maven.project.artifact.ProjectArtifactsCache$CacheRecord,getException,1
org.apache.maven.project.interpolation.BuildTimestampValueSource,&lt;init&gt;,1
org.apache.maven.project.interpolation.StringSearchModelInterpolator$InterpolateObjectAction,traverseObjectWithParents,1
org.apache.maven.repository.ArtifactTransferEvent,getDataBuffer,1
org.apache.maven.repository.ArtifactTransferEvent,getException,1
org.apache.maven.repository.ArtifactTransferEvent,setDataBuffer,1
org.apache.maven.repository.DelegatingLocalArtifactRepository,getIdeWorspace,1
org.apache.maven.repository.DelegatingLocalArtifactRepository,&lt;init&gt;,1
org.apache.maven.repository.DelegatingLocalArtifactRepository,setBuildReactor,1
org.apache.maven.repository.DelegatingLocalArtifactRepository,setIdeWorkspace,1
org.apache.maven.repository.MetadataGraph,getNodes,1
org.apache.maven.repository.MetadataGraphNode,&lt;init&gt;,1
org.apache.maven.repository.MetadataResolutionRequest,getArtifactDependencies,1
org.apache.maven.repository.MetadataResolutionRequest,getArtifactMetadata,1
org.apache.maven.repository.MetadataResolutionRequest,getLocalRepository,1
org.apache.maven.repository.MetadataResolutionRequest,getManagedVersionMap,1
org.apache.maven.repository.MetadataResolutionRequest,getRemoteRepostories,1
org.apache.maven.repository.MetadataResolutionRequest,setArtifactDependencies,1
org.apache.maven.repository.MetadataResolutionRequest,setArtifactMetadata,1
org.apache.maven.repository.MetadataResolutionRequest,setLocalRepository,1
org.apache.maven.repository.MetadataResolutionRequest,setManagedVersionMap,1
org.apache.maven.repository.MetadataResolutionRequest,setRemoteRepostories,1
org.apache.maven.repository.MetadataResolutionResult,getArtifacts,1
org.apache.maven.repository.MetadataResolutionResult,getOriginatingArtifact,1
org.apache.maven.repository.MetadataResolutionResult,getRequestedArtifacts,1
org.apache.maven.repository.MetadataResolutionResult,getResolvedTree,1
org.apache.maven.repository.MetadataResolutionResult,listOriginatingArtifact,1
org.apache.maven.repository.MetadataResolutionResult,setRepositories,1
org.apache.maven.repository.MetadataResolutionResult,setResolvedTree,1
org.apache.maven.repository.MetadataResolutionResult,setUnresolvedArtifacts,1
org.apache.maven.repository.UserLocalArtifactRepository,&lt;init&gt;,1
org.apache.maven.repository.UserLocalArtifactRepository,equals,1
org.apache.maven.repository.VersionNotFoundException,getCauseException,1
org.apache.maven.repository.VersionNotFoundException,getDependency,1
org.apache.maven.repository.internal.MavenMetadata,write,1
org.apache.maven.repository.legacy.DefaultUpdateCheckManager,touch,1
org.apache.maven.repository.legacy.DefaultWagonManager,getRemoteFile,1
org.apache.maven.repository.legacy.DefaultWagonManager,verifyChecksum,1
org.apache.maven.repository.legacy.DefaultWagonManager,putRemoteFile,1
org.apache.maven.repository.legacy.metadata.ArtifactMetadataRetrievalException,getArtifact,1
org.apache.maven.repository.legacy.metadata.ArtifactMetadataRetrievalException,&lt;init&gt;,1
org.apache.maven.repository.legacy.metadata.DefaultMetadataResolutionRequest,getArtifact,1
org.apache.maven.repository.legacy.metadata.DefaultMetadataResolutionRequest,setArtifact,1
org.apache.maven.repository.legacy.metadata.ResolutionGroup,getArtifacts,1
org.apache.maven.repository.legacy.metadata.ResolutionGroup,getManagedVersions,1
org.apache.maven.repository.legacy.metadata.ResolutionGroup,getPomArtifact,1
org.apache.maven.repository.legacy.metadata.ResolutionGroup,getRelocatedArtifact,1
org.apache.maven.repository.legacy.metadata.ResolutionGroup,getResolutionRepositories,1
org.apache.maven.repository.legacy.resolver.transform.DefaultArtifactTransformationManager,getArtifactTransformations,1
org.apache.maven.repository.metadata.ArtifactMetadata,getDependencies,1
org.apache.maven.repository.metadata.ArtifactMetadata,setDependencies,1
org.apache.maven.repository.metadata.ClasspathContainer,getClasspath,1
org.apache.maven.repository.metadata.ClasspathContainer,&lt;init&gt;,1
org.apache.maven.repository.metadata.ClasspathContainer,setClasspath,1
org.apache.maven.repository.metadata.DefaultClasspathTransformation$ClasspathGraphVisitor,NOVALUE,1
org.apache.maven.repository.metadata.MetadataGraph,getEntry,1
org.apache.maven.repository.metadata.MetadataGraph,getVertices,1
org.apache.maven.repository.metadata.MetadataGraph,setEntry,1
org.apache.maven.repository.metadata.MetadataGraphEdge,getSource,1
org.apache.maven.repository.metadata.MetadataGraphEdge,getTarget,1
org.apache.maven.repository.metadata.MetadataGraphEdge,setSource,1
org.apache.maven.repository.metadata.MetadataGraphEdge,setTarget,1
org.apache.maven.repository.metadata.MetadataGraphEdge,equals,1
org.apache.maven.repository.metadata.MetadataGraphVertex,getMd,1
org.apache.maven.repository.metadata.MetadataGraphVertex,&lt;init&gt;,1
org.apache.maven.repository.metadata.MetadataGraphVertex,setMd,1
org.apache.maven.repository.metadata.MetadataResolution,getArtifactMetadata,1
org.apache.maven.repository.metadata.MetadataResolution,getMetadataRepositories,1
org.apache.maven.repository.metadata.MetadataResolution,setArtifactMetadata,1
org.apache.maven.repository.metadata.MetadataResolution,setMetadataRepositories,1
org.apache.maven.repository.metadata.MetadataResolutionRequest,getLocalRepository,1
org.apache.maven.repository.metadata.MetadataResolutionRequest,getQuery,1
org.apache.maven.repository.metadata.MetadataResolutionRequest,getRemoteRepositories,1
org.apache.maven.repository.metadata.MetadataResolutionRequest,setLocalRepository,1
org.apache.maven.repository.metadata.MetadataResolutionRequest,setQuery,1
org.apache.maven.repository.metadata.MetadataResolutionRequest,setRemoteRepositories,1
org.apache.maven.repository.metadata.MetadataResolutionResult,getTree,1
org.apache.maven.repository.metadata.MetadataResolutionResult,&lt;init&gt;,1
org.apache.maven.repository.metadata.MetadataResolutionResult,setTree,1
org.apache.maven.repository.metadata.MetadataRetrievalException,getArtifactMetadata,1
org.apache.maven.repository.metadata.MetadataRetrievalException,&lt;init&gt;,1
org.apache.maven.repository.metadata.MetadataTreeNode,getChildren,1
org.apache.maven.repository.metadata.MetadataTreeNode,getMd,1
org.apache.maven.repository.metadata.MetadataTreeNode,getParent,1
org.apache.maven.repository.metadata.MetadataTreeNode,setChildren,1
org.apache.maven.repository.metadata.MetadataTreeNode,setMd,1
org.apache.maven.repository.metadata.MetadataTreeNode,setParent,1
org.apache.maven.settings.Activation,getFile,1
org.apache.maven.settings.Activation,getOs,1
org.apache.maven.settings.Activation,getProperty,1
org.apache.maven.settings.Activation,setFile,1
org.apache.maven.settings.Activation,setOs,1
org.apache.maven.settings.Activation,setProperty,1
org.apache.maven.settings.Profile,getActivation,1
org.apache.maven.settings.Profile,getPluginRepositories,1
org.apache.maven.settings.Profile,getProperties,1
org.apache.maven.settings.Profile,getRepositories,1
org.apache.maven.settings.Profile,setActivation,1
org.apache.maven.settings.Profile,setPluginRepositories,1
org.apache.maven.settings.Profile,setProperties,1
org.apache.maven.settings.Profile,setRepositories,1
org.apache.maven.settings.Repository,getReleases,1
org.apache.maven.settings.Repository,getSnapshots,1
org.apache.maven.settings.Repository,setReleases,1
org.apache.maven.settings.Repository,setSnapshots,1
org.apache.maven.settings.Repository,equals,1
org.apache.maven.settings.Settings,setInteractiveMode,1
org.apache.maven.settings.Settings,setOffline,1
org.apache.maven.settings.Settings,setUsePluginRegistry,1
org.apache.maven.settings.Settings,getActiveProfiles,1
org.apache.maven.settings.Settings,getActiveProxy,1
org.apache.maven.settings.Settings,getMirrors,1
org.apache.maven.settings.Settings,getPluginGroups,1
org.apache.maven.settings.Settings,getProfiles,1
org.apache.maven.settings.Settings,getProfilesAsMap,1
org.apache.maven.settings.Settings,getProxies,1
org.apache.maven.settings.Settings,getServers,1
org.apache.maven.settings.Settings,setActiveProfiles,1
org.apache.maven.settings.Settings,setMirrors,1
org.apache.maven.settings.Settings,setPluginGroups,1
org.apache.maven.settings.Settings,setProfiles,1
org.apache.maven.settings.Settings,setProxies,1
org.apache.maven.settings.Settings,setServers,1
org.apache.maven.settings.Settings,NOVALUE,1
org.apache.maven.settings.building.DefaultSettingsBuilder,&lt;init&gt;,1
org.apache.maven.settings.building.DefaultSettingsBuilder,setSettingsWriter,1
org.apache.maven.settings.building.DefaultSettingsBuildingRequest,getSystemProperties,1
org.apache.maven.settings.building.DefaultSettingsBuildingRequest,getUserProperties,1
org.apache.maven.settings.building.DefaultSettingsProblem,getException,1
org.apache.maven.settings.building.DefaultSettingsProblem,&lt;init&gt;,1
org.apache.maven.settings.building.SettingsBuildingException,getProblems,1
org.apache.maven.settings.building.SettingsBuildingException,&lt;init&gt;,1
org.apache.maven.settings.crypto.DefaultSettingsDecryptionRequest,getProxies,1
org.apache.maven.settings.crypto.DefaultSettingsDecryptionRequest,getServers,1
org.apache.maven.settings.crypto.DefaultSettingsDecryptionRequest,setProxies,1
org.apache.maven.settings.crypto.DefaultSettingsDecryptionRequest,setServers,1
org.apache.maven.settings.io.DefaultSettingsWriter,write,1
org.apache.maven.settings.io.xpp3.SettingsXpp3Reader,parseTrackableBase,1
org.apache.maven.settings.io.xpp3.SettingsXpp3Reader,getDoubleValue,1
org.apache.maven.settings.io.xpp3.SettingsXpp3Reader,getFloatValue,1
org.apache.maven.settings.io.xpp3.SettingsXpp3Reader,getIntegerValue,1
org.apache.maven.settings.io.xpp3.SettingsXpp3Reader,getLongValue,1
org.apache.maven.settings.io.xpp3.SettingsXpp3Reader,getBooleanValue,1
org.apache.maven.settings.io.xpp3.SettingsXpp3Reader,getDateValue,1
org.apache.maven.test.PlexusExtension,setupContainer,1
org.apache.maven.test.PlexusExtension,beforeEach,1
org.apache.maven.toolchain.DefaultToolchain,getModel,1
org.apache.maven.toolchain.building.DefaultToolchainsBuildingResult,getEffectiveToolchains,1
org.apache.maven.toolchain.building.DefaultToolchainsBuildingResult,getProblems,1
org.apache.maven.toolchain.building.DefaultToolchainsBuildingResult,&lt;init&gt;,1
org.apache.maven.toolchain.building.ToolchainsBuildingException,getProblems,1
org.apache.maven.toolchain.building.ToolchainsBuildingException,&lt;init&gt;,1
org.apache.maven.toolchain.merge.MavenToolchainMerger,mergeToolchainModelConfiguration,1
org.apache.maven.toolchain.model.PersistedToolchains,getToolchains,1
org.apache.maven.toolchain.model.PersistedToolchains,setToolchains,1
org.apache.maven.toolchain.model.ToolchainModel,getProvides,1
org.apache.maven.toolchain.model.ToolchainModel,setProvides,1
org.apache.maven.toolchain.model.ToolchainModel,equals,1
org.apache.maven.toolchain.model.io.xpp3.MavenToolchainsXpp3Reader,parseTrackableBase,1
org.apache.maven.toolchain.model.io.xpp3.MavenToolchainsXpp3Reader,getDoubleValue,1
org.apache.maven.toolchain.model.io.xpp3.MavenToolchainsXpp3Reader,getFloatValue,1
org.apache.maven.toolchain.model.io.xpp3.MavenToolchainsXpp3Reader,getIntegerValue,1
org.apache.maven.toolchain.model.io.xpp3.MavenToolchainsXpp3Reader,getLongValue,1
org.apache.maven.toolchain.model.io.xpp3.MavenToolchainsXpp3Reader,getBooleanValue,1
org.apache.maven.toolchain.model.io.xpp3.MavenToolchainsXpp3Reader,getDateValue,1
org.apache.maven.usability.plugin.Expression,getApiMethods,1
org.apache.maven.usability.plugin.Expression,getCliOptions,1
org.apache.maven.usability.plugin.Expression,setApiMethods,1
org.apache.maven.usability.plugin.Expression,setCliOptions,1
org.apache.maven.usability.plugin.ExpressionDocumentation,getExpressions,1
org.apache.maven.usability.plugin.ExpressionDocumentation,getExpressionsBySyntax,1
org.apache.maven.usability.plugin.ExpressionDocumentation,setExpressions,1
org.apache.maven.usability.plugin.io.xpp3.ParamdocXpp3Reader,getDoubleValue,1
org.apache.maven.usability.plugin.io.xpp3.ParamdocXpp3Reader,getFloatValue,1
org.apache.maven.usability.plugin.io.xpp3.ParamdocXpp3Reader,getIntegerValue,1
org.apache.maven.usability.plugin.io.xpp3.ParamdocXpp3Reader,getLongValue,1
org.apache.maven.usability.plugin.io.xpp3.ParamdocXpp3Reader,getBooleanValue,1
org.apache.maven.usability.plugin.io.xpp3.ParamdocXpp3Reader,getDateValue,1
org.apache.maven.wrapper.BootstrapMainStarter,start,1
org.apache.maven.wrapper.DefaultDownloader,download,1
org.apache.maven.wrapper.Installer,setExecutablePermissions,1
org.apache.maven.wrapper.Installer,&lt;init&gt;,1
org.apache.maven.wrapper.Installer,unzip,1
org.apache.maven.wrapper.Installer$1,postVisitDirectory,1
org.apache.maven.wrapper.Installer$1,visitFile,1
org.apache.maven.wrapper.MavenWrapperMain,wrapperProperties,1
org.apache.maven.wrapper.PathAssembler$LocalDistribution,&lt;init&gt;,1
org.apache.maven.wrapper.PathAssembler$LocalDistribution,NOVALUE,1
org.apache.maven.wrapper.WrapperExecutor,&lt;init&gt;,1
org.apache.maven.wrapper.WrapperExecutor,getConfiguration,1
org.apache.maven.wrapper.WrapperExecutor,prepareDistributionUri,1
org.slf4j.impl.OutputChoice,&lt;init&gt;,1
org.slf4j.impl.SimpleLoggerConfiguration,computeOutputChoice,1