class,method,field,count
org.apache.tools.ant.taskdefs.optional.ejb.GenericDeploymentTool,writeJar,NOVALUE,4
org.apache.tools.ant.taskdefs.optional.ejb.WeblogicDeploymentTool,getWeblogicDescriptorHandler,NOVALUE,4
org.apache.tools.ant.taskdefs.optional.splash.SplashScreen,&lt;init&gt;,NOVALUE,4
org.apache.tools.zip.ZipFile,&lt;init&gt;,NOVALUE,4
org.apache.tools.ant.taskdefs.Javadoc,writeExternalArgs,NOVALUE,3
org.apache.tools.ant.taskdefs.KeySubst,execute,NOVALUE,3
org.apache.tools.ant.taskdefs.optional.ejb.WeblogicDeploymentTool,registerKnownDTDs,NOVALUE,3
org.apache.tools.ant.types.RedirectorElement,configure,NOVALUE,3
org.apache.tools.mail.MailMessage,&lt;init&gt;,NOVALUE,3
org.apache.tools.zip.ZipEntry,&lt;init&gt;,NOVALUE,3
org.apache.tools.ant.AntClassLoader,&lt;clinit&gt;,NOVALUE,2
org.apache.tools.ant.Diagnostics,doReportTasksAvailability,NOVALUE,2
org.apache.tools.ant.input.MultipleChoiceInputRequest,&lt;init&gt;,NOVALUE,2
org.apache.tools.ant.listener.MailLogger,buildFinished,NOVALUE,2
org.apache.tools.ant.taskdefs.Ant,copyReference,NOVALUE,2
org.apache.tools.ant.taskdefs.CVSPass,execute,NOVALUE,2
org.apache.tools.ant.taskdefs.Execute,getProcEnvCommand,NOVALUE,2
org.apache.tools.ant.taskdefs.FixCRLF$OneLiner,&lt;init&gt;,NOVALUE,2
org.apache.tools.ant.taskdefs.Get$GetThread,openConnection,NOVALUE,2
org.apache.tools.ant.taskdefs.Javadoc,execute,NOVALUE,2
org.apache.tools.ant.taskdefs.Length,execute,NOVALUE,2
org.apache.tools.ant.taskdefs.PumpStreamHandler,&lt;init&gt;,NOVALUE,2
org.apache.tools.ant.taskdefs.Replace$FileInput,&lt;init&gt;,NOVALUE,2
org.apache.tools.ant.taskdefs.Replace$FileOutput,&lt;init&gt;,NOVALUE,2
org.apache.tools.ant.taskdefs.Sync,removeEmptyDirectories,NOVALUE,2
org.apache.tools.ant.taskdefs.XSLTProcess,process,NOVALUE,2
org.apache.tools.ant.taskdefs.Zip,checkAttributesAndElements,modTimeMillis,2
org.apache.tools.ant.taskdefs.compilers.DefaultCompilerAdapter,executeExternalCompile,NOVALUE,2
org.apache.tools.ant.taskdefs.condition.IsLastModified$CompareMode,&lt;init&gt;,NOVALUE,2
org.apache.tools.ant.taskdefs.email.Message,print,NOVALUE,2
org.apache.tools.ant.taskdefs.optional.Cab,execute,NOVALUE,2
org.apache.tools.ant.taskdefs.optional.ccm.CCMCreateTask,setProcessOutputStream,NOVALUE,2
org.apache.tools.ant.taskdefs.optional.depend.Depend,writeCachedDependencies,NOVALUE,2
org.apache.tools.ant.taskdefs.optional.ejb.JonasDeploymentTool,deleteAllFiles,NOVALUE,2
org.apache.tools.ant.taskdefs.optional.ejb.JonasDeploymentTool,addGenICGeneratedFiles,NOVALUE,2
org.apache.tools.ant.taskdefs.optional.ejb.WeblogicDeploymentTool,isRebuildRequired,NOVALUE,2
org.apache.tools.ant.taskdefs.optional.ejb.WebsphereDeploymentTool,isRebuildRequired,NOVALUE,2
org.apache.tools.ant.taskdefs.optional.image.ImageIOTask,processDir,NOVALUE,2
org.apache.tools.ant.taskdefs.optional.junit.JUnitTask,execute,NOVALUE,2
org.apache.tools.ant.taskdefs.optional.pvcs.Pvcs,massagePCLI,NOVALUE,2
org.apache.tools.ant.taskdefs.optional.unix.Symlink,loadLinks,NOVALUE,2
org.apache.tools.ant.types.Quantifier,&lt;init&gt;,NOVALUE,2
org.apache.tools.ant.types.resources.FileResource,getOutputStream,NOVALUE,2
org.apache.tools.ant.types.resources.StringResource,&lt;init&gt;,NOVALUE,2
org.apache.tools.ant.types.resources.Union,&lt;init&gt;,NOVALUE,2
org.apache.tools.ant.types.selectors.modifiedselector.HashvalueAlgorithm,getValue,NOVALUE,2
org.apache.tools.ant.types.selectors.modifiedselector.ModifiedSelector,isSelected,NOVALUE,2
org.apache.tools.ant.util.LineOrientedOutputStreamRedirector,processLine,NOVALUE,2
org.apache.tools.ant.util.OutputStreamFunneler,&lt;init&gt;,NOVALUE,2
org.apache.tools.ant.util.ResourceUtils,textCompare,NOVALUE,2
org.apache.tools.ant.util.java15.ProxyDiagnostics,&lt;init&gt;,NOVALUE,2
org.apache.tools.bzip2.CBZip2InputStream,&lt;init&gt;,NOVALUE,2
org.apache.tools.bzip2.CBZip2OutputStream,&lt;init&gt;,NOVALUE,2
org.apache.tools.tar.TarEntry,&lt;init&gt;,NOVALUE,2
org.apache.tools.zip.ZipFile$BoundedInputStream,read,remaining,2
org.apache.tools.zip.ZipFile$BoundedInputStream,read,addDummyByte,2
org.apache.tools.ant.AntClassLoader,resetThreadContextLoader,isContextLoaderSaved,1
org.apache.tools.ant.AntClassLoader,setParentFirst,parentFirst,1
org.apache.tools.ant.AntClassLoader,setThreadContextLoader,isContextLoaderSaved,1
org.apache.tools.ant.AntClassLoader,newAntClassLoader,NOVALUE,1
org.apache.tools.ant.AntClassLoader,setProject,project,1
org.apache.tools.ant.ArgumentProcessorRegistry,getProcessors,processors,1
org.apache.tools.ant.BuildEvent,getException,exception,1
org.apache.tools.ant.BuildEvent,getProject,project,1
org.apache.tools.ant.BuildEvent,getTarget,target,1
org.apache.tools.ant.BuildEvent,getTask,task,1
org.apache.tools.ant.BuildEvent,&lt;init&gt;,project,1
org.apache.tools.ant.BuildEvent,&lt;init&gt;,target,1
org.apache.tools.ant.BuildEvent,&lt;init&gt;,task,1
org.apache.tools.ant.BuildEvent,setException,exception,1
org.apache.tools.ant.BuildEvent,NOVALUE,project,1
org.apache.tools.ant.BuildEvent,NOVALUE,target,1
org.apache.tools.ant.BuildEvent,NOVALUE,task,1
org.apache.tools.ant.ComponentHelper,getAntTypeTable,antTypeTable,1
org.apache.tools.ant.ComponentHelper,getDataTypeDefinitions,typeClassDefinitions,1
org.apache.tools.ant.ComponentHelper,getNext,next,1
org.apache.tools.ant.ComponentHelper,getProject,project,1
org.apache.tools.ant.ComponentHelper,getTaskDefinitions,taskClassDefinitions,1
org.apache.tools.ant.ComponentHelper,setNext,next,1
org.apache.tools.ant.ComponentHelper,setProject,project,1
org.apache.tools.ant.DefaultDefinitions,&lt;init&gt;,componentHelper,1
org.apache.tools.ant.DefaultLogger,setErrorPrintStream,NOVALUE,1
org.apache.tools.ant.DefaultLogger,setOutputPrintStream,NOVALUE,1
org.apache.tools.ant.DemuxInputStream,&lt;init&gt;,project,1
org.apache.tools.ant.DemuxOutputStream,processBuffer,NOVALUE,1
org.apache.tools.ant.DemuxOutputStream,processFlush,NOVALUE,1
org.apache.tools.ant.DemuxOutputStream,&lt;init&gt;,project,1
org.apache.tools.ant.Diagnostics,doReportTempDir,NOVALUE,1
org.apache.tools.ant.DirectoryScanner,scandir,everythingIncluded,1
org.apache.tools.ant.DirectoryScanner,setMaxLevelsOfSymlinks,maxLevelsOfSymlinks,1
org.apache.tools.ant.DirectoryScanner,setSelectors,selectors,1
org.apache.tools.ant.DirectoryScanner,NOVALUE,basedir,1
org.apache.tools.ant.DirectoryScanner,NOVALUE,errorOnMissingDir,1
org.apache.tools.ant.DirectoryScanner,NOVALUE,illegal,1
org.apache.tools.ant.DirectoryScanner,NOVALUE,DEFAULTEXCLUDES,1
org.apache.tools.ant.IntrospectionHelper,getAddTextMethod,addText,1
org.apache.tools.ant.Main,createLogger,msgOutputLevel,1
org.apache.tools.ant.Main,processArgs,allowInput,1
org.apache.tools.ant.Main,processArgs,emacsMode,1
org.apache.tools.ant.Main,processArgs,isLogFileUsed,1
org.apache.tools.ant.Main,processArgs,keepGoingMode,1
org.apache.tools.ant.Main,processArgs,msgOutputLevel,1
org.apache.tools.ant.Main,processArgs,projectHelp,1
org.apache.tools.ant.Main,processArgs,proxy,1
org.apache.tools.ant.Main,processArgs,readyToRun,1
org.apache.tools.ant.Main,processArgs,silent,1
org.apache.tools.ant.Main,&lt;init&gt;,NOVALUE,1
org.apache.tools.ant.Main,getAntVersion,NOVALUE,1
org.apache.tools.ant.Main,processArgs,NOVALUE,1
org.apache.tools.ant.Main,runBuild,NOVALUE,1
org.apache.tools.ant.Project,setKeepGoingMode,keepGoingMode,1
org.apache.tools.ant.Project,getGlobalFilterSet,globalFilterSet,1
org.apache.tools.ant.Project,getReferences,references,1
org.apache.tools.ant.Project,getTargets,targets,1
org.apache.tools.ant.Project,tsort,NOVALUE,1
org.apache.tools.ant.Project,fireMessageLoggedEvent,NOVALUE,1
org.apache.tools.ant.Project,fireMessageLoggedEvent,FALSE,1
org.apache.tools.ant.Project,getProject,NOVALUE,1
org.apache.tools.ant.ProjectComponent,getProject,project,1
org.apache.tools.ant.ProjectComponent,setProject,project,1
org.apache.tools.ant.ProjectHelper,getExtensionStack,extensionStack,1
org.apache.tools.ant.ProjectHelper,getImportStack,importStack,1
org.apache.tools.ant.PropertyHelper,getNext,next,1
org.apache.tools.ant.PropertyHelper,getProject,project,1
org.apache.tools.ant.PropertyHelper,setNext,next,1
org.apache.tools.ant.PropertyHelper,setProject,project,1
org.apache.tools.ant.PropertyHelper,NOVALUE,project,1
org.apache.tools.ant.PropertyHelper,toBoolean,NOVALUE,1
org.apache.tools.ant.PropertyHelper,setProperty,NOVALUE,1
org.apache.tools.ant.PropertyHelper$1,NOVALUE,PREFIX,1
org.apache.tools.ant.PropertyHelper$2,NOVALUE,PREFIX,1
org.apache.tools.ant.RuntimeConfigurable,maybeConfigure,NOVALUE,1
org.apache.tools.ant.RuntimeConfigurable,getAttributes,attributes,1
org.apache.tools.ant.RuntimeConfigurable,NOVALUE,attributeMap,1
org.apache.tools.ant.RuntimeConfigurable,NOVALUE,characters,1
org.apache.tools.ant.RuntimeConfigurable,NOVALUE,children,1
org.apache.tools.ant.RuntimeConfigurable,NOVALUE,namespacedAttribute,1
org.apache.tools.ant.RuntimeConfigurable,NOVALUE,proxyConfigured,1
org.apache.tools.ant.Target,getProject,project,1
org.apache.tools.ant.Target,setProject,project,1
org.apache.tools.ant.Task,getOwningTarget,target,1
org.apache.tools.ant.Task,getRuntimeConfigurableWrapper,wrapper,1
org.apache.tools.ant.Task,setOwningTarget,target,1
org.apache.tools.ant.Task,setRuntimeConfigurableWrapper,wrapper,1
org.apache.tools.ant.TaskConfigurationChecker,&lt;init&gt;,task,1
org.apache.tools.ant.UnknownElement,getChildren,children,1
org.apache.tools.ant.XmlLogger,setMessageOutputLevel,msgOutputLevel,1
org.apache.tools.ant.XmlLogger,setOutputPrintStream,NOVALUE,1
org.apache.tools.ant.dispatch.DispatchUtils,execute,NOVALUE,1
org.apache.tools.ant.filters.BaseFilterReader,setProject,project,1
org.apache.tools.ant.filters.ConcatFilter,initialize,NOVALUE,1
org.apache.tools.ant.filters.ExpandProperties,add,propertySet,1
org.apache.tools.ant.filters.FixCrLfFilter,setFixlast,fixlast,1
org.apache.tools.ant.filters.FixCrLfFilter,setJavafiles,javafiles,1
org.apache.tools.ant.filters.FixCrLfFilter,setTablength,tabLength,1
org.apache.tools.ant.filters.FixCrLfFilter,NOVALUE,initialized,1
org.apache.tools.ant.filters.FixCrLfFilter$NormalizeEolFilter,read,NOVALUE,1
org.apache.tools.ant.filters.util.ChainReaderHelper,getProject,project,1
org.apache.tools.ant.filters.util.ChainReaderHelper,setProject,project,1
org.apache.tools.ant.filters.util.ChainReaderHelper,NOVALUE,bufferSize,1
org.apache.tools.ant.filters.util.ChainReaderHelper,NOVALUE,filterChains,1
org.apache.tools.ant.filters.util.ChainReaderHelper,NOVALUE,primaryReader,1
org.apache.tools.ant.helper.AntXMLContext,getCurrentTarget,currentTarget,1
org.apache.tools.ant.helper.AntXMLContext,getCurrentTargets,currentTargets,1
org.apache.tools.ant.helper.AntXMLContext,getImplicitTarget,implicitTarget,1
org.apache.tools.ant.helper.AntXMLContext,getProject,project,1
org.apache.tools.ant.helper.AntXMLContext,getTargets,targetVector,1
org.apache.tools.ant.helper.AntXMLContext,getWrapperStack,wStack,1
org.apache.tools.ant.helper.AntXMLContext,&lt;init&gt;,project,1
org.apache.tools.ant.helper.AntXMLContext,addTarget,currentTarget,1
org.apache.tools.ant.helper.AntXMLContext,setCurrentTarget,currentTarget,1
org.apache.tools.ant.helper.AntXMLContext,setCurrentTargets,currentTargets,1
org.apache.tools.ant.helper.AntXMLContext,setImplicitTarget,implicitTarget,1
org.apache.tools.ant.helper.ProjectHelper2$RootHandler,&lt;init&gt;,context,1
org.apache.tools.ant.helper.ProjectHelperImpl,parse,project,1
org.apache.tools.ant.input.DefaultInputHandler,handleInput,NOVALUE,1
org.apache.tools.ant.input.GreedyInputHandler,handleInput,NOVALUE,1
org.apache.tools.ant.input.InputRequest,&lt;init&gt;,NOVALUE,1
org.apache.tools.ant.input.PropertyFileInputHandler,readProps,NOVALUE,1
org.apache.tools.ant.launch.Launcher,NOVALUE,launchDiag,1
org.apache.tools.ant.launch.Locator,getLocationURLs,NOVALUE,1
org.apache.tools.ant.property.ParseProperties,getProject,project,1
org.apache.tools.ant.property.ParseProperties,&lt;init&gt;,expanders,1
org.apache.tools.ant.property.ParseProperties,&lt;init&gt;,project,1
org.apache.tools.ant.property.ResolvePropertyMap,resolveAllProperties,map,1
org.apache.tools.ant.taskdefs.AbstractCvsTask,getErrorStream,NOVALUE,1
org.apache.tools.ant.taskdefs.AbstractCvsTask,getOutputStream,NOVALUE,1
org.apache.tools.ant.taskdefs.AbstractCvsTask,setExecuteStreamHandler,executeStreamHandler,1
org.apache.tools.ant.taskdefs.AbstractCvsTask,runCommand,NOVALUE,1
org.apache.tools.ant.taskdefs.AbstractJarSignerTask,getRedirector,redirector,1
org.apache.tools.ant.taskdefs.Ant,initializeProject,NOVALUE,1
org.apache.tools.ant.taskdefs.AntStructure$DTDPrinter,printElementDecl,NOVALUE,1
org.apache.tools.ant.taskdefs.Available,setType,type,1
org.apache.tools.ant.taskdefs.Available$FileDir,getValues,VALUES,1
org.apache.tools.ant.taskdefs.Checksum,generateChecksums,NOVALUE,1
org.apache.tools.ant.taskdefs.Checksum,readChecksum,NOVALUE,1
org.apache.tools.ant.taskdefs.Checksum,getChecksumFile,NOVALUE,1
org.apache.tools.ant.taskdefs.Classloader,setClasspath,classpath,1
org.apache.tools.ant.taskdefs.CommandLauncherTask,setVmLauncher,vmLauncher,1
org.apache.tools.ant.taskdefs.Concat,reset,append,1
org.apache.tools.ant.taskdefs.Concat,reset,binary,1
org.apache.tools.ant.taskdefs.Concat,reset,fixLastLine,1
org.apache.tools.ant.taskdefs.Concat,reset,force,1
org.apache.tools.ant.taskdefs.Concat,reset,forceOverwrite,1
org.apache.tools.ant.taskdefs.Concat,reset,ignoreEmpty,1
org.apache.tools.ant.taskdefs.Concat,setAppend,append,1
org.apache.tools.ant.taskdefs.Concat,setBinary,binary,1
org.apache.tools.ant.taskdefs.Concat,setFilterBeforeConcat,filterBeforeConcat,1
org.apache.tools.ant.taskdefs.Concat,setFixLastLine,fixLastLine,1
org.apache.tools.ant.taskdefs.Concat,setForce,forceOverwrite,1
org.apache.tools.ant.taskdefs.Concat,setForceReadOnly,force,1
org.apache.tools.ant.taskdefs.Concat,setIgnoreEmpty,ignoreEmpty,1
org.apache.tools.ant.taskdefs.Concat,addFooter,footer,1
org.apache.tools.ant.taskdefs.Concat,addHeader,header,1
org.apache.tools.ant.taskdefs.Concat,setDest,dest,1
org.apache.tools.ant.taskdefs.Concat,setWriter,outputWriter,1
org.apache.tools.ant.taskdefs.Concat$1,getReader,NOVALUE,1
org.apache.tools.ant.taskdefs.Concat$ConcatResource,equals,NOVALUE,1
org.apache.tools.ant.taskdefs.Concat$TextElement,setFile,NOVALUE,1
org.apache.tools.ant.taskdefs.Copy,&lt;clinit&gt;,NOVALUE,1
org.apache.tools.ant.taskdefs.Copy,createMapper,mapperElement,1
org.apache.tools.ant.taskdefs.CopyPath,createPath,path,1
org.apache.tools.ant.taskdefs.CopyPath,add,mapper,1
org.apache.tools.ant.taskdefs.CopyPath,NOVALUE,granularity,1
org.apache.tools.ant.taskdefs.Definer,NOVALUE,RESOURCE_STACK,1
org.apache.tools.ant.taskdefs.Definer,execute,NOVALUE,1
org.apache.tools.ant.taskdefs.Definer$OnError,&lt;init&gt;,NOVALUE,1
org.apache.tools.ant.taskdefs.Delete,execute,NOVALUE,1
org.apache.tools.ant.taskdefs.Deltree,removeDir,NOVALUE,1
org.apache.tools.ant.taskdefs.DependSet,setVerbose,verbose,1
org.apache.tools.ant.taskdefs.DependSet,createSources,sources,1
org.apache.tools.ant.taskdefs.DependSet,createTargets,targets,1
org.apache.tools.ant.taskdefs.Echo,setOutput,output,1
org.apache.tools.ant.taskdefs.Echo,NOVALUE,file,1
org.apache.tools.ant.taskdefs.EchoXML,setNamespacePolicy,namespacePolicy,1
org.apache.tools.ant.taskdefs.EchoXML$NamespacePolicy,&lt;init&gt;,NOVALUE,1
org.apache.tools.ant.taskdefs.Exec,run,NOVALUE,1
org.apache.tools.ant.taskdefs.Exec$StreamPumper,pumpStream,endOfStream,1
org.apache.tools.ant.taskdefs.Exec$StreamPumper,&lt;init&gt;,NOVALUE,1
org.apache.tools.ant.taskdefs.ExecTask,addConfiguredRedirector,redirectorElement,1
org.apache.tools.ant.taskdefs.ExecTask,setCommand,cmdl,1
org.apache.tools.ant.taskdefs.Execute,setExitValue,exitValue,1
org.apache.tools.ant.taskdefs.Execute,setNewenvironment,newEnvironment,1
org.apache.tools.ant.taskdefs.Execute,setVMLauncher,useVMLauncher,1
org.apache.tools.ant.taskdefs.Execute,toString,NOVALUE,1
org.apache.tools.ant.taskdefs.Execute,getCommandline,cmdl,1
org.apache.tools.ant.taskdefs.Execute,setAntRun,project,1
org.apache.tools.ant.taskdefs.Execute,setCommandline,cmdl,1
org.apache.tools.ant.taskdefs.Execute,setEnvironment,env,1
org.apache.tools.ant.taskdefs.Execute,setStreamHandler,streamHandler,1
org.apache.tools.ant.taskdefs.Execute,getEnvironmentVariables,procEnvironment,1
org.apache.tools.ant.taskdefs.Execute,getVMSLogicals,NOVALUE,1
org.apache.tools.ant.taskdefs.ExecuteJava,setClasspath,classpath,1
org.apache.tools.ant.taskdefs.ExecuteJava,setJavaCommand,javaCommand,1
org.apache.tools.ant.taskdefs.ExecuteJava,setPermissions,perm,1
org.apache.tools.ant.taskdefs.ExecuteJava,setSystemProperties,sysProperties,1
org.apache.tools.ant.taskdefs.ExecuteJava,NOVALUE,thread,1
org.apache.tools.ant.taskdefs.ExecuteJava,execute,main,1
org.apache.tools.ant.taskdefs.ExecuteOn,createMapper,mapperElement,1
org.apache.tools.ant.taskdefs.ExecuteOn,createSrcfile,srcFilePos,1
org.apache.tools.ant.taskdefs.ExecuteOn,createTargetfile,targetFilePos,1
org.apache.tools.ant.taskdefs.Exit,createCondition,nestedCondition,1
org.apache.tools.ant.taskdefs.Expand,createMapper,mapperElement,1
org.apache.tools.ant.taskdefs.Expand,extractFile,TRUE,1
org.apache.tools.ant.taskdefs.Expand,extractFile,NOVALUE,1
org.apache.tools.ant.taskdefs.FixCRLF$OneLiner,getEofStr,NOVALUE,1
org.apache.tools.ant.taskdefs.FixCRLF$OneLiner,nextElement,NOVALUE,1
org.apache.tools.ant.taskdefs.FixCRLF$OneLiner,&lt;init&gt;,this$0,1
org.apache.tools.ant.taskdefs.Get,&lt;init&gt;,NOVALUE,1
org.apache.tools.ant.taskdefs.Get,createMapper,mapperElement,1
org.apache.tools.ant.taskdefs.Get,checkAttributes,NOVALUE,1
org.apache.tools.ant.taskdefs.Get$GetThread,run,success,1
org.apache.tools.ant.taskdefs.Get$GetThread,closeStreams,NOVALUE,1
org.apache.tools.ant.taskdefs.Get$GetThread,downloadFile,NOVALUE,1
org.apache.tools.ant.taskdefs.Get$VerboseProgress,&lt;init&gt;,out,1
org.apache.tools.ant.taskdefs.ImportTask,isOneOf,NOVALUE,1
org.apache.tools.ant.taskdefs.Input,createHandler,handler,1
org.apache.tools.ant.taskdefs.Input$Handler,getType,type,1
org.apache.tools.ant.taskdefs.Input$Handler,&lt;init&gt;,this$0,1
org.apache.tools.ant.taskdefs.Input$Handler,setType,type,1
org.apache.tools.ant.taskdefs.Input$Handler,NOVALUE,NOVALUE,1
org.apache.tools.ant.taskdefs.Input$HandlerType,getValues,VALUES,1
org.apache.tools.ant.taskdefs.JDBCTask,setAutocommit,autocommit,1
org.apache.tools.ant.taskdefs.JDBCTask,setFailOnConnectionError,failOnConnectionError,1
org.apache.tools.ant.taskdefs.JDBCTask,getClasspath,classpath,1
org.apache.tools.ant.taskdefs.JDBCTask,setClasspath,classpath,1
org.apache.tools.ant.taskdefs.Jar,getIndexJarsMapper,indexJarsMapper,1
org.apache.tools.ant.taskdefs.Jar,addConfiguredManifest,configuredManifest,1
org.apache.tools.ant.taskdefs.Jar,setFilesetmanifest,filesetManifestConfig,1
org.apache.tools.ant.taskdefs.Jar,setStrict,strict,1
org.apache.tools.ant.taskdefs.Jar$StrictMode,&lt;init&gt;,NOVALUE,1
org.apache.tools.ant.taskdefs.Java,createPermissions,perm,1
org.apache.tools.ant.taskdefs.Java,getCommandLine,cmdl,1
org.apache.tools.ant.taskdefs.Java,addConfiguredRedirector,redirectorElement,1
org.apache.tools.ant.taskdefs.Javac,getBootclasspath,bootclasspath,1
org.apache.tools.ant.taskdefs.Javac,getClasspath,compileClasspath,1
org.apache.tools.ant.taskdefs.Javac,getExtdirs,extdirs,1
org.apache.tools.ant.taskdefs.Javac,getFileList,compileList,1
org.apache.tools.ant.taskdefs.Javac,getModulepath,modulepath,1
org.apache.tools.ant.taskdefs.Javac,getModulesourcepath,moduleSourcepath,1
org.apache.tools.ant.taskdefs.Javac,getSourcepath,compileSourcepath,1
org.apache.tools.ant.taskdefs.Javac,getSrcdir,src,1
org.apache.tools.ant.taskdefs.Javac,getUpgrademodulepath,upgrademodulepath,1
org.apache.tools.ant.taskdefs.Javac,add,nestedAdapter,1
org.apache.tools.ant.taskdefs.Javac,setBootclasspath,bootclasspath,1
org.apache.tools.ant.taskdefs.Javac,setClasspath,compileClasspath,1
org.apache.tools.ant.taskdefs.Javac,setExtdirs,extdirs,1
org.apache.tools.ant.taskdefs.Javac,setModulepath,modulepath,1
org.apache.tools.ant.taskdefs.Javac,setModulesourcepath,moduleSourcepath,1
org.apache.tools.ant.taskdefs.Javac,setSourcepath,compileSourcepath,1
org.apache.tools.ant.taskdefs.Javac,setSrcdir,src,1
org.apache.tools.ant.taskdefs.Javac,setUpgrademodulepath,upgrademodulepath,1
org.apache.tools.ant.taskdefs.Javac,findModules,NOVALUE,1
org.apache.tools.ant.taskdefs.Javac,generateMissingPackageInfoClasses,NOVALUE,1
org.apache.tools.ant.taskdefs.Javac,resolveGroup,NOVALUE,1
org.apache.tools.ant.taskdefs.Javac$ImplementationSpecificArgument,&lt;init&gt;,this$0,1
org.apache.tools.ant.taskdefs.Javac$ImplementationSpecificArgument,NOVALUE,NOVALUE,1
org.apache.tools.ant.taskdefs.Javadoc,doTags,NOVALUE,1
org.apache.tools.ant.taskdefs.Javadoc,createDoclet,doclet,1
org.apache.tools.ant.taskdefs.Javadoc,createSourceFiles,nestedSourceFiles,1
org.apache.tools.ant.taskdefs.Javadoc,addBottom,bottom,1
org.apache.tools.ant.taskdefs.Javadoc,addDoctitle,doctitle,1
org.apache.tools.ant.taskdefs.Javadoc,addFooter,footer,1
org.apache.tools.ant.taskdefs.Javadoc,addHeader,header,1
org.apache.tools.ant.taskdefs.Javadoc,setBootclasspath,bootclasspath,1
org.apache.tools.ant.taskdefs.Javadoc,setClasspath,classpath,1
org.apache.tools.ant.taskdefs.Javadoc,setModulePath,modulePath,1
org.apache.tools.ant.taskdefs.Javadoc,setModuleSourcePath,moduleSourcePath,1
org.apache.tools.ant.taskdefs.Javadoc,setSourcepath,sourcePath,1
org.apache.tools.ant.taskdefs.Javadoc,parsePackages,NOVALUE,1
org.apache.tools.ant.taskdefs.Javadoc$DocletInfo,&lt;init&gt;,this$0,1
org.apache.tools.ant.taskdefs.Javadoc$DocletParam,&lt;init&gt;,this$0,1
org.apache.tools.ant.taskdefs.Javadoc$DocletParam,NOVALUE,NOVALUE,1
org.apache.tools.ant.taskdefs.Javadoc$ExtensionInfo,getPath,path,1
org.apache.tools.ant.taskdefs.Javadoc$ExtensionInfo,setPath,path,1
org.apache.tools.ant.taskdefs.Javadoc$GroupArgument,&lt;init&gt;,this$0,1
org.apache.tools.ant.taskdefs.Javadoc$GroupArgument,addTitle,title,1
org.apache.tools.ant.taskdefs.Javadoc$GroupArgument,NOVALUE,NOVALUE,1
org.apache.tools.ant.taskdefs.Javadoc$Html,getText,NOVALUE,1
org.apache.tools.ant.taskdefs.Javadoc$LinkArgument,&lt;init&gt;,this$0,1
org.apache.tools.ant.taskdefs.Javadoc$LinkArgument,NOVALUE,NOVALUE,1
org.apache.tools.ant.taskdefs.Javadoc$ResourceCollectionContainer,&lt;init&gt;,this$0,1
org.apache.tools.ant.taskdefs.Javadoc$ResourceCollectionContainer,NOVALUE,NOVALUE,1
org.apache.tools.ant.taskdefs.Javadoc$TagArgument,&lt;init&gt;,this$0,1
org.apache.tools.ant.taskdefs.Javadoc$TagArgument,NOVALUE,NOVALUE,1
org.apache.tools.ant.taskdefs.Jikes,compile,NOVALUE,1
org.apache.tools.ant.taskdefs.JikesOutputParser,setProcessOutputStream,NOVALUE,1
org.apache.tools.ant.taskdefs.JikesOutputParser,NOVALUE,errors,1
org.apache.tools.ant.taskdefs.JikesOutputParser,NOVALUE,warnings,1
org.apache.tools.ant.taskdefs.Length,setWhen,when,1
org.apache.tools.ant.taskdefs.Length,NOVALUE,resources,1
org.apache.tools.ant.taskdefs.Length,NOVALUE,when,1
org.apache.tools.ant.taskdefs.Length,getTrim,NOVALUE,1
org.apache.tools.ant.taskdefs.Length$FileMode,getValues,MODES,1
org.apache.tools.ant.taskdefs.LoadProperties,setPrefixValues,prefixValues,1
org.apache.tools.ant.taskdefs.LoadProperties,NOVALUE,src,1
org.apache.tools.ant.taskdefs.LogOutputStream,&lt;init&gt;,pc,1
org.apache.tools.ant.taskdefs.MacroDef,createSequential,nestedSequential,1
org.apache.tools.ant.taskdefs.MacroDef,getAttributes,attributes,1
org.apache.tools.ant.taskdefs.MacroDef,getElements,elements,1
org.apache.tools.ant.taskdefs.MacroDef,getText,text,1
org.apache.tools.ant.taskdefs.MacroDef,addConfiguredText,text,1
org.apache.tools.ant.taskdefs.MacroDef$NestedSequential,getNested,nested,1
org.apache.tools.ant.taskdefs.MacroInstance,getMacroDef,macroDef,1
org.apache.tools.ant.taskdefs.MacroInstance,setMacroDef,macroDef,1
org.apache.tools.ant.taskdefs.MacroInstance$Element,getUnknownElements,unknownElements,1
org.apache.tools.ant.taskdefs.Manifest,&lt;init&gt;,NOVALUE,1
org.apache.tools.ant.taskdefs.Manifest,getMainSection,mainSection,1
org.apache.tools.ant.taskdefs.Manifest$Attribute,&lt;init&gt;,NOVALUE,1
org.apache.tools.ant.taskdefs.Manifest$Section,clone,NOVALUE,1
org.apache.tools.ant.taskdefs.ManifestClassPath,addClassPath,path,1
org.apache.tools.ant.taskdefs.ManifestTask,&lt;init&gt;,NOVALUE,1
org.apache.tools.ant.taskdefs.ManifestTask,setMode,mode,1
org.apache.tools.ant.taskdefs.MatchingTask,XsetIgnore,NOVALUE,1
org.apache.tools.ant.taskdefs.MatchingTask,XsetItems,NOVALUE,1
org.apache.tools.ant.taskdefs.Move,renameFile,NOVALUE,1
org.apache.tools.ant.taskdefs.Pack,getSrcResource,src,1
org.apache.tools.ant.taskdefs.Pack,setSrcResource,src,1
org.apache.tools.ant.taskdefs.Pack,NOVALUE,source,1
org.apache.tools.ant.taskdefs.Parallel,setTimeout,timeout,1
org.apache.tools.ant.taskdefs.Parallel,processExceptions,numExceptions,1
org.apache.tools.ant.taskdefs.Parallel,access$402,timedOut,1
org.apache.tools.ant.taskdefs.Parallel,execute,numThreads,1
org.apache.tools.ant.taskdefs.Parallel,setFailOnAny,failOnAny,1
org.apache.tools.ant.taskdefs.Parallel,setThreadCount,numThreads,1
org.apache.tools.ant.taskdefs.Parallel,setThreadsPerProcessor,numThreadsPerProcessor,1
org.apache.tools.ant.taskdefs.Parallel,spinThreads,numExceptions,1
org.apache.tools.ant.taskdefs.Parallel,updateThreadCounts,numThreads,1
org.apache.tools.ant.taskdefs.Parallel,addDaemons,daemonTasks,1
org.apache.tools.ant.taskdefs.Parallel,spinThreads,NOVALUE,1
org.apache.tools.ant.taskdefs.PathConvert,setPreserveDuplicates,preserveDuplicates,1
org.apache.tools.ant.taskdefs.PathConvert,setSetonempty,setonempty,1
org.apache.tools.ant.taskdefs.PathConvert,setTargetos,targetWindows,1
org.apache.tools.ant.taskdefs.PathConvert,createOutput,NOVALUE,1
org.apache.tools.ant.taskdefs.PathConvert,addMapper,mapper,1
org.apache.tools.ant.taskdefs.PathConvert,setDest,dest,1
org.apache.tools.ant.taskdefs.PathConvert,setRefid,refid,1
org.apache.tools.ant.taskdefs.PathConvert,lambda$mapElement$1,NOVALUE,1
org.apache.tools.ant.taskdefs.PathConvert$3,doAccept,NOVALUE,1
org.apache.tools.ant.taskdefs.PathConvert$MapEntry,&lt;init&gt;,this$0,1
org.apache.tools.ant.taskdefs.PathConvert$MapEntry,NOVALUE,NOVALUE,1
org.apache.tools.ant.taskdefs.PreSetDef,addTask,nestedTask,1
org.apache.tools.ant.taskdefs.PreSetDef$PreSetDefinition,getPreSets,element,1
org.apache.tools.ant.taskdefs.PreSetDef$PreSetDefinition,&lt;init&gt;,element,1
org.apache.tools.ant.taskdefs.ProcessDestroyer$ProcessDestroyerImpl,setShouldDestroy,shouldDestroy,1
org.apache.tools.ant.taskdefs.Property,getClasspath,classpath,1
org.apache.tools.ant.taskdefs.Property,getRefid,ref,1
org.apache.tools.ant.taskdefs.Property,setClasspath,classpath,1
org.apache.tools.ant.taskdefs.Property,setRefid,ref,1
org.apache.tools.ant.taskdefs.PropertyHelperTask,addConfigured,propertyHelper,1
org.apache.tools.ant.taskdefs.PropertyHelperTask,NOVALUE,delegates,1
org.apache.tools.ant.taskdefs.PumpStreamHandler,&lt;init&gt;,err,1
org.apache.tools.ant.taskdefs.PumpStreamHandler,&lt;init&gt;,out,1
org.apache.tools.ant.taskdefs.PumpStreamHandler$ThreadWithPumper,&lt;init&gt;,pumper,1
org.apache.tools.ant.taskdefs.Recorder$ActionChoices,getValues,VALUES,1
org.apache.tools.ant.taskdefs.RecorderEntry,openFileImpl,NOVALUE,1
org.apache.tools.ant.taskdefs.RecorderEntry,getProject,project,1
org.apache.tools.ant.taskdefs.RecorderEntry,setOutputPrintStream,out,1
org.apache.tools.ant.taskdefs.RecorderEntry,setProject,project,1
org.apache.tools.ant.taskdefs.Redirector,complete,NOVALUE,1
org.apache.tools.ant.taskdefs.Redirector,createStreams,NOVALUE,1
org.apache.tools.ant.taskdefs.Redirector,handleErrorFlush,NOVALUE,1
org.apache.tools.ant.taskdefs.Redirector,handleErrorOutput,NOVALUE,1
org.apache.tools.ant.taskdefs.Redirector,handleFlush,NOVALUE,1
org.apache.tools.ant.taskdefs.Redirector,handleOutput,NOVALUE,1
org.apache.tools.ant.taskdefs.Redirector,getErrorStream,errorStream,1
org.apache.tools.ant.taskdefs.Redirector,getOutputStream,outputStream,1
org.apache.tools.ant.taskdefs.Redirector,&lt;init&gt;,managingTask,1
org.apache.tools.ant.taskdefs.Redirector,setErrorFilterChains,errorFilterChains,1
org.apache.tools.ant.taskdefs.Redirector,setInputFilterChains,inputFilterChains,1
org.apache.tools.ant.taskdefs.Redirector,setOutputFilterChains,outputFilterChains,1
org.apache.tools.ant.taskdefs.Replace,createReplaceToken,token,1
org.apache.tools.ant.taskdefs.Replace,createReplaceValue,value,1
org.apache.tools.ant.taskdefs.Replace,setPropertyResource,propertyResource,1
org.apache.tools.ant.taskdefs.Replace,setReplaceFilterResource,replaceFilterResource,1
org.apache.tools.ant.taskdefs.Replace$NestedString,&lt;init&gt;,this$0,1
org.apache.tools.ant.taskdefs.Replace$Replacefilter,createReplaceToken,token,1
org.apache.tools.ant.taskdefs.Replace$Replacefilter,createReplaceValue,value,1
org.apache.tools.ant.taskdefs.Replace$Replacefilter,&lt;init&gt;,this$0,1
org.apache.tools.ant.taskdefs.ResourceCount,setWhen,when,1
org.apache.tools.ant.taskdefs.Retry,setRetryCount,retryCount,1
org.apache.tools.ant.taskdefs.Retry,setRetryDelay,retryDelay,1
org.apache.tools.ant.taskdefs.Retry,addTask,nestedTask,1
org.apache.tools.ant.taskdefs.Retry,NOVALUE,nestedTask,1
org.apache.tools.ant.taskdefs.Rmic,setDebug,debug,1
org.apache.tools.ant.taskdefs.Rmic,setFiltering,filtering,1
org.apache.tools.ant.taskdefs.Rmic,setIdl,idl,1
org.apache.tools.ant.taskdefs.Rmic,setIiop,iiop,1
org.apache.tools.ant.taskdefs.Rmic,setIncludeantruntime,includeAntRuntime,1
org.apache.tools.ant.taskdefs.Rmic,setIncludejavaruntime,includeJavaRuntime,1
org.apache.tools.ant.taskdefs.Rmic,setListfiles,listFiles,1
org.apache.tools.ant.taskdefs.Rmic,setVerify,verify,1
org.apache.tools.ant.taskdefs.Rmic,getClasspath,compileClasspath,1
org.apache.tools.ant.taskdefs.Rmic,getCompileList,compileList,1
org.apache.tools.ant.taskdefs.Rmic,getExtdirs,extDirs,1
org.apache.tools.ant.taskdefs.Rmic,getFileList,compileList,1
org.apache.tools.ant.taskdefs.Rmic,getLoader,loader,1
org.apache.tools.ant.taskdefs.Rmic,add,nestedAdapter,1
org.apache.tools.ant.taskdefs.Rmic,setClasspath,compileClasspath,1
org.apache.tools.ant.taskdefs.Rmic,setExtdirs,extDirs,1
org.apache.tools.ant.taskdefs.Rmic,moveGeneratedFile,NOVALUE,1
org.apache.tools.ant.taskdefs.Rmic,getClasspath,NOVALUE,1
org.apache.tools.ant.taskdefs.Rmic,getExtdirs,NOVALUE,1
org.apache.tools.ant.taskdefs.Rmic$ImplementationSpecificArgument,&lt;init&gt;,this$0,1
org.apache.tools.ant.taskdefs.Rmic$ImplementationSpecificArgument,NOVALUE,NOVALUE,1
org.apache.tools.ant.taskdefs.SQLExec,execSQL,goodSql,1
org.apache.tools.ant.taskdefs.SQLExec,execSQL,totalSql,1
org.apache.tools.ant.taskdefs.SQLExec,setAppend,append,1
org.apache.tools.ant.taskdefs.SQLExec,setEscapeProcessing,escapeProcessing,1
org.apache.tools.ant.taskdefs.SQLExec,setExpandProperties,expandProperties,1
org.apache.tools.ant.taskdefs.SQLExec,setForceCsvQuoteChar,forceCsvQuoteChar,1
org.apache.tools.ant.taskdefs.SQLExec,setKeepformat,keepformat,1
org.apache.tools.ant.taskdefs.SQLExec,setPrint,print,1
org.apache.tools.ant.taskdefs.SQLExec,setRawBlobs,rawBlobs,1
org.apache.tools.ant.taskdefs.SQLExec,setShowWarnings,showWarnings,1
org.apache.tools.ant.taskdefs.SQLExec,setShowheaders,showheaders,1
org.apache.tools.ant.taskdefs.SQLExec,setShowtrailers,showtrailers,1
org.apache.tools.ant.taskdefs.SQLExec,setStrictDelimiterMatching,strictDelimiterMatching,1
org.apache.tools.ant.taskdefs.SQLExec,setTreatWarningsAsErrors,treatWarningsAsErrors,1
org.apache.tools.ant.taskdefs.SQLExec,execute,NOVALUE,1
org.apache.tools.ant.taskdefs.SQLExec,setOutput,output,1
org.apache.tools.ant.taskdefs.SQLExec$Transaction,&lt;init&gt;,this$0,1
org.apache.tools.ant.taskdefs.SQLExec$Transaction,setSrcResource,tSrcResource,1
org.apache.tools.ant.taskdefs.SignJar,getMapper,mapper,1
org.apache.tools.ant.taskdefs.SignJar,add,mapper,1
org.apache.tools.ant.taskdefs.StreamPumper,setAutoflush,autoflush,1
org.apache.tools.ant.taskdefs.StreamPumper,getException,exception,1
org.apache.tools.ant.taskdefs.StreamPumper,&lt;init&gt;,os,1
org.apache.tools.ant.taskdefs.StreamPumper,NOVALUE,bufferSize,1
org.apache.tools.ant.taskdefs.StreamPumper,run,NOVALUE,1
org.apache.tools.ant.taskdefs.StreamPumper$PostStopHandle,NOVALUE,NOVALUE,1
org.apache.tools.ant.taskdefs.Sync,addPreserveInTarget,syncTarget,1
org.apache.tools.ant.taskdefs.Sync,execute,FALSE,1
org.apache.tools.ant.taskdefs.Sync,removeOrphanFiles,NOVALUE,1
org.apache.tools.ant.taskdefs.Tar,setCompression,compression,1
org.apache.tools.ant.taskdefs.Tar,setLongfile,longFileMode,1
org.apache.tools.ant.taskdefs.Tar,tarResource,NOVALUE,1
org.apache.tools.ant.taskdefs.Tar$TarFileSet,getFiles,files,1
org.apache.tools.ant.taskdefs.Tar$TarLongFileMode,&lt;init&gt;,NOVALUE,1
org.apache.tools.ant.taskdefs.Tar$TarLongFileMode,getValues,VALID_MODES,1
org.apache.tools.ant.taskdefs.Touch,setMillis,millis,1
org.apache.tools.ant.taskdefs.Touch,setMkdirs,mkdirs,1
org.apache.tools.ant.taskdefs.Touch,setVerbose,verbose,1
org.apache.tools.ant.taskdefs.Touch,add,fileNameMapper,1
org.apache.tools.ant.taskdefs.Touch,NOVALUE,dateTime,1
org.apache.tools.ant.taskdefs.Touch,NOVALUE,dateTimeConfigured,1
org.apache.tools.ant.taskdefs.Touch,NOVALUE,dfFactory,1
org.apache.tools.ant.taskdefs.Touch,NOVALUE,file,1
org.apache.tools.ant.taskdefs.Touch,NOVALUE,resources,1
org.apache.tools.ant.taskdefs.Truncate,setCreate,create,1
org.apache.tools.ant.taskdefs.Truncate,setMkdirs,mkdirs,1
org.apache.tools.ant.taskdefs.Truncate,NOVALUE,path,1
org.apache.tools.ant.taskdefs.Tstamp$CustomFormat,&lt;init&gt;,this$0,1
org.apache.tools.ant.taskdefs.Tstamp$Unit,getValues,UNITS,1
org.apache.tools.ant.taskdefs.Unpack,setSrcResource,srcResource,1
org.apache.tools.ant.taskdefs.Untar,setCompression,compression,1
org.apache.tools.ant.taskdefs.UpToDate,createMapper,mapperElement,1
org.apache.tools.ant.taskdefs.UpToDate,createSrcResources,sourceResources,1
org.apache.tools.ant.taskdefs.WaitFor$Unit,getValues,UNITS,1
org.apache.tools.ant.taskdefs.WhichResource,setClasspath,classpath,1
org.apache.tools.ant.taskdefs.XSLTProcess,createFactory,factory,1
org.apache.tools.ant.taskdefs.XSLTProcess,createTrace,traceConfiguration,1
org.apache.tools.ant.taskdefs.XSLTProcess,getFactory,factory,1
org.apache.tools.ant.taskdefs.XSLTProcess,getTraceConfiguration,traceConfiguration,1
org.apache.tools.ant.taskdefs.XSLTProcess,getXMLCatalog,xmlCatalog,1
org.apache.tools.ant.taskdefs.XSLTProcess,addMapper,mapperElement,1
org.apache.tools.ant.taskdefs.XSLTProcess,setXslResource,xslResource,1
org.apache.tools.ant.taskdefs.XSLTProcess,execute,NOVALUE,1
org.apache.tools.ant.taskdefs.XSLTProcess$Factory,getFeatures,features,1
org.apache.tools.ant.taskdefs.XSLTProcess$Param,setProject,project,1
org.apache.tools.ant.taskdefs.XSLTProcess$TraceConfiguration,&lt;init&gt;,this$0,1
org.apache.tools.ant.taskdefs.XmlProperty,setSrcResource,src,1
org.apache.tools.ant.taskdefs.Zip,addResource,doCompress,1
org.apache.tools.ant.taskdefs.Zip,cleanUp,addingNewFiles,1
org.apache.tools.ant.taskdefs.Zip,cleanUp,doUpdate,1
org.apache.tools.ant.taskdefs.Zip,execute,skipWriting,1
org.apache.tools.ant.taskdefs.Zip,executeMain,addingNewFiles,1
org.apache.tools.ant.taskdefs.Zip,executeMain,updatedFile,1
org.apache.tools.ant.taskdefs.Zip,processDoUpdate,doUpdate,1
org.apache.tools.ant.taskdefs.Zip,reset,doCompress,1
org.apache.tools.ant.taskdefs.Zip,reset,doFilesonly,1
org.apache.tools.ant.taskdefs.Zip,reset,doUpdate,1
org.apache.tools.ant.taskdefs.Zip,setCompress,doCompress,1
org.apache.tools.ant.taskdefs.Zip,setFallBackToUTF8,fallBackToUTF8,1
org.apache.tools.ant.taskdefs.Zip,setFilesonly,doFilesonly,1
org.apache.tools.ant.taskdefs.Zip,setKeepCompression,keepCompression,1
org.apache.tools.ant.taskdefs.Zip,setLevel,level,1
org.apache.tools.ant.taskdefs.Zip,setPreserve0Permissions,preserve0Permissions,1
org.apache.tools.ant.taskdefs.Zip,setRoundUp,roundUp,1
org.apache.tools.ant.taskdefs.Zip,setUpdate,doUpdate,1
org.apache.tools.ant.taskdefs.Zip,setUpdate,savedDoUpdate,1
org.apache.tools.ant.taskdefs.Zip,setUseLanguageEncodingFlag,useLanguageEncodingFlag,1
org.apache.tools.ant.taskdefs.Zip,getCreateUnicodeExtraFields,createUnicodeExtraFields,1
org.apache.tools.ant.taskdefs.Zip,getZip64Mode,zip64Mode,1
org.apache.tools.ant.taskdefs.Zip,setCreateUnicodeExtraFields,createUnicodeExtraFields,1
org.apache.tools.ant.taskdefs.Zip,setZip64Mode,zip64Mode,1
org.apache.tools.ant.taskdefs.Zip$ArchiveState,getResourcesToAdd,resourcesToAdd,1
org.apache.tools.ant.taskdefs.compilers.DefaultCompilerAdapter,getJavac,attributes,1
org.apache.tools.ant.taskdefs.compilers.DefaultCompilerAdapter,setJavac,attributes,1
org.apache.tools.ant.taskdefs.condition.Http,redirectionAllowed,NOVALUE,1
org.apache.tools.ant.taskdefs.condition.IsLastModified,add,resource,1
org.apache.tools.ant.taskdefs.condition.IsLastModified,setMode,mode,1
org.apache.tools.ant.taskdefs.condition.IsReference,setRefid,ref,1
org.apache.tools.ant.taskdefs.condition.Matches,addRegexp,regularExpression,1
org.apache.tools.ant.taskdefs.condition.ResourceContains,eval,NOVALUE,1
org.apache.tools.ant.taskdefs.condition.ResourceContains,getProject,project,1
org.apache.tools.ant.taskdefs.condition.ResourceContains,setProject,project,1
org.apache.tools.ant.taskdefs.condition.ResourceContains,NOVALUE,casesensitive,1
org.apache.tools.ant.taskdefs.condition.ResourceContains,NOVALUE,resource,1
org.apache.tools.ant.taskdefs.condition.ResourceContains,NOVALUE,substring,1
org.apache.tools.ant.taskdefs.condition.ResourceExists,add,resource,1
org.apache.tools.ant.taskdefs.cvslib.CVSEntry,getDate,date,1
org.apache.tools.ant.taskdefs.cvslib.CVSEntry,getFiles,files,1
org.apache.tools.ant.taskdefs.cvslib.CVSEntry,&lt;init&gt;,date,1
org.apache.tools.ant.taskdefs.cvslib.ChangeLogTask,setEnd,endDate,1
org.apache.tools.ant.taskdefs.cvslib.ChangeLogTask,setStart,startDate,1
org.apache.tools.ant.taskdefs.cvslib.ChangeLogTask,loadUserlist,NOVALUE,1
org.apache.tools.ant.taskdefs.cvslib.CvsTagDiff,parseRDiff,NOVALUE,1
org.apache.tools.ant.taskdefs.cvslib.CvsTagDiff,execute,NOVALUE,1
org.apache.tools.ant.taskdefs.cvslib.CvsVersion,execute,NOVALUE,1
org.apache.tools.ant.taskdefs.email.EmailTask,addFrom,from,1
org.apache.tools.ant.taskdefs.email.EmailTask,addMessage,message,1
org.apache.tools.ant.taskdefs.email.Mailer,setBccList,bccList,1
org.apache.tools.ant.taskdefs.email.Mailer,setCcList,ccList,1
org.apache.tools.ant.taskdefs.email.Mailer,setFiles,files,1
org.apache.tools.ant.taskdefs.email.Mailer,setFrom,from,1
org.apache.tools.ant.taskdefs.email.Mailer,setHeaders,headers,1
org.apache.tools.ant.taskdefs.email.Mailer,setMessage,message,1
org.apache.tools.ant.taskdefs.email.Mailer,setReplyToList,replyToList,1
org.apache.tools.ant.taskdefs.email.Mailer,setTask,task,1
org.apache.tools.ant.taskdefs.email.Mailer,setToList,toList,1
org.apache.tools.ant.taskdefs.email.Message,getReader,NOVALUE,1
org.apache.tools.ant.taskdefs.launcher.OS2CommandLauncher,exec,NOVALUE,1
org.apache.tools.ant.taskdefs.launcher.PerlScriptCommandLauncher,exec,NOVALUE,1
org.apache.tools.ant.taskdefs.launcher.ScriptCommandLauncher,exec,NOVALUE,1
org.apache.tools.ant.taskdefs.launcher.VmsCommandLauncher,createCommandFile,NOVALUE,1
org.apache.tools.ant.taskdefs.launcher.WinNTCommandLauncher,exec,NOVALUE,1
org.apache.tools.ant.taskdefs.optional.Cab,createListFile,NOVALUE,1
org.apache.tools.ant.taskdefs.optional.Cab,addFileset,fileset,1
org.apache.tools.ant.taskdefs.optional.EchoProperties$FormatAttribute,getValues,formats,1
org.apache.tools.ant.taskdefs.optional.Javah,execute,NOVALUE,1
org.apache.tools.ant.taskdefs.optional.Javah,getBootclasspath,bootclasspath,1
org.apache.tools.ant.taskdefs.optional.Javah,getClasspath,classpath,1
org.apache.tools.ant.taskdefs.optional.Javah,setBootclasspath,bootclasspath,1
org.apache.tools.ant.taskdefs.optional.Javah,setClasspath,classpath,1
org.apache.tools.ant.taskdefs.optional.Javah$ClassArgument,&lt;init&gt;,this$0,1
org.apache.tools.ant.taskdefs.optional.Javah$ClassArgument,NOVALUE,NOVALUE,1
org.apache.tools.ant.taskdefs.optional.Native2Ascii,createMapper,mapper,1
org.apache.tools.ant.taskdefs.optional.PropertyFile$Entry,executeOn,NOVALUE,1
org.apache.tools.ant.taskdefs.optional.PropertyFile$Unit,getValues,UNITS,1
org.apache.tools.ant.taskdefs.optional.RenameExtensions,&lt;init&gt;,NOVALUE,1
org.apache.tools.ant.taskdefs.optional.ReplaceRegExp,createRegexp,regex,1
org.apache.tools.ant.taskdefs.optional.ReplaceRegExp,createSubstitution,subs,1
org.apache.tools.ant.taskdefs.optional.ReplaceRegExp,doReplace,NOVALUE,1
org.apache.tools.ant.taskdefs.optional.Rpm,execute,NOVALUE,1
org.apache.tools.ant.taskdefs.optional.TraXLiaison,setStylesheet,stylesheet,1
org.apache.tools.ant.taskdefs.optional.XMLValidateTask,setClasspath,classpath,1
org.apache.tools.ant.taskdefs.optional.XMLValidateTask$ValidatorErrorHandler,NOVALUE,currentFile,1
org.apache.tools.ant.taskdefs.optional.XMLValidateTask$ValidatorErrorHandler,NOVALUE,lastErrorMessage,1
org.apache.tools.ant.taskdefs.optional.ccm.CCMCreateTask,setProcessErrorStream,NOVALUE,1
org.apache.tools.ant.taskdefs.optional.clearcase.CCLock,setObjselect,NOVALUE,1
org.apache.tools.ant.taskdefs.optional.clearcase.CCLock,getObjselect,NOVALUE,1
org.apache.tools.ant.taskdefs.optional.clearcase.CCUnlock,getObjselect,NOVALUE,1
org.apache.tools.ant.taskdefs.optional.clearcase.CCUnlock,setObjselect,NOVALUE,1
org.apache.tools.ant.taskdefs.optional.depend.Depend,readCachedDependencies,NOVALUE,1
org.apache.tools.ant.taskdefs.optional.depend.Depend,getClasspath,dependClasspath,1
org.apache.tools.ant.taskdefs.optional.depend.Depend,setClasspath,dependClasspath,1
org.apache.tools.ant.taskdefs.optional.depend.Depend,setDestDir,destPath,1
org.apache.tools.ant.taskdefs.optional.depend.Depend,setSrcdir,srcPath,1
org.apache.tools.ant.taskdefs.optional.depend.Depend,deleteAffectedFiles,NOVALUE,1
org.apache.tools.ant.taskdefs.optional.depend.Depend,deleteAllAffectedFiles,NOVALUE,1
org.apache.tools.ant.taskdefs.optional.depend.Depend,execute,NOVALUE,1
org.apache.tools.ant.taskdefs.optional.depend.Depend,isRmiStub,NOVALUE,1
org.apache.tools.ant.taskdefs.optional.ejb.BorlandDeploymentTool,setProcessErrorStream,NOVALUE,1
org.apache.tools.ant.taskdefs.optional.ejb.BorlandDeploymentTool,setProcessOutputStream,NOVALUE,1
org.apache.tools.ant.taskdefs.optional.ejb.BorlandGenerateClient,setClasspath,classpath,1
org.apache.tools.ant.taskdefs.optional.ejb.DescriptorHandler,&lt;init&gt;,owningTask,1
org.apache.tools.ant.taskdefs.optional.ejb.DescriptorHandler,registerDTD,NOVALUE,1
org.apache.tools.ant.taskdefs.optional.ejb.GenericDeploymentTool,setClasspath,classpath,1
org.apache.tools.ant.taskdefs.optional.ejb.GenericDeploymentTool,setTask,task,1
org.apache.tools.ant.taskdefs.optional.ejb.IPlanetDeploymentTool,NOVALUE,displayName,1
org.apache.tools.ant.taskdefs.optional.ejb.IPlanetEjbc,getEjbFiles,ejbFiles,1
org.apache.tools.ant.taskdefs.optional.ejb.IPlanetEjbc,&lt;init&gt;,parser,1
org.apache.tools.ant.taskdefs.optional.ejb.IPlanetEjbc,NOVALUE,classpathElements,1
org.apache.tools.ant.taskdefs.optional.ejb.IPlanetEjbc$EjbcException,&lt;init&gt;,this$0,1
org.apache.tools.ant.taskdefs.optional.ejb.IPlanetEjbc$EjbcException,NOVALUE,NOVALUE,1
org.apache.tools.ant.taskdefs.optional.ejb.IPlanetEjbc$RedirectOutput,run,NOVALUE,1
org.apache.tools.ant.taskdefs.optional.ejb.IPlanetEjbcTask,setClasspath,classpath,1
org.apache.tools.ant.taskdefs.optional.ejb.JonasDeploymentTool,addAllFiles,NOVALUE,1
org.apache.tools.ant.taskdefs.optional.ejb.JonasDeploymentTool,writeJar,NOVALUE,1
org.apache.tools.ant.taskdefs.optional.ejb.WeblogicDeploymentTool,setWLClasspath,wlClasspath,1
org.apache.tools.ant.taskdefs.optional.ejb.WeblogicDeploymentTool,buildWeblogicJar,NOVALUE,1
org.apache.tools.ant.taskdefs.optional.ejb.WeblogicDeploymentTool,writeJar,NOVALUE,1
org.apache.tools.ant.taskdefs.optional.ejb.WebsphereDeploymentTool,setWASClasspath,wasClasspath,1
org.apache.tools.ant.taskdefs.optional.ejb.WebsphereDeploymentTool,writeJar,NOVALUE,1
org.apache.tools.ant.taskdefs.optional.extension.DeweyDecimal,NOVALUE,NOVALUE,1
org.apache.tools.ant.taskdefs.optional.extension.JarLibAvailableTask,addConfiguredExtension,requiredExtension,1
org.apache.tools.ant.taskdefs.optional.i18n.Translate,execute,NOVALUE,1
org.apache.tools.ant.taskdefs.optional.i18n.Translate,translate,NOVALUE,1
org.apache.tools.ant.taskdefs.optional.image.ImageIOTask,createMapper,mapperElement,1
org.apache.tools.ant.taskdefs.optional.image.ImageIOTask,setFormat,outputFormat,1
org.apache.tools.ant.taskdefs.optional.image.ImageIOTask,processFile,NOVALUE,1
org.apache.tools.ant.taskdefs.optional.image.ImageIOTask$ImageFormat,&lt;init&gt;,NOVALUE,1
org.apache.tools.ant.taskdefs.optional.image.ImageIOTask$ImageFormat,getValues,VALUES,1
org.apache.tools.ant.taskdefs.optional.j2ee.AbstractHotDeploymentTool,getClasspath,classpath,1
org.apache.tools.ant.taskdefs.optional.j2ee.AbstractHotDeploymentTool,setClasspath,classpath,1
org.apache.tools.ant.taskdefs.optional.j2ee.AbstractHotDeploymentTool,setTask,task,1
org.apache.tools.ant.taskdefs.optional.j2ee.GenericHotDeploymentTool,getJava,java,1
org.apache.tools.ant.taskdefs.optional.javacc.JavaCC,NOVALUE,ARCHIVE_LOCATIONS,1
org.apache.tools.ant.taskdefs.optional.javacc.JavaCC,NOVALUE,ARCHIVE_LOCATIONS_VS_MAJOR_VERSION,1
org.apache.tools.ant.taskdefs.optional.jlink.ConstantPool,&lt;init&gt;,NOVALUE,1
org.apache.tools.ant.taskdefs.optional.jlink.JlinkTask,setAddfiles,addfiles,1
org.apache.tools.ant.taskdefs.optional.jlink.JlinkTask,setMergefiles,mergefiles,1
org.apache.tools.ant.taskdefs.optional.jlink.jlink,NOVALUE,NOVALUE,1
org.apache.tools.ant.taskdefs.optional.jsp.JspC,getClasspath,classpath,1
org.apache.tools.ant.taskdefs.optional.jsp.JspC,getCompileList,compileList,1
org.apache.tools.ant.taskdefs.optional.jsp.JspC,getCompilerclasspath,compilerClasspath,1
org.apache.tools.ant.taskdefs.optional.jsp.JspC,getSrcDir,src,1
org.apache.tools.ant.taskdefs.optional.jsp.JspC,getWebApp,webApp,1
org.apache.tools.ant.taskdefs.optional.jsp.JspC,addWebApp,webApp,1
org.apache.tools.ant.taskdefs.optional.jsp.JspC,setClasspath,classpath,1
org.apache.tools.ant.taskdefs.optional.jsp.JspC,setCompilerclasspath,compilerClasspath,1
org.apache.tools.ant.taskdefs.optional.jsp.JspC,setSrcDir,src,1
org.apache.tools.ant.taskdefs.optional.jsp.JspC,deleteEmptyJavaFiles,NOVALUE,1
org.apache.tools.ant.taskdefs.optional.jsp.JspNameMangler,NOVALUE,keywords,1
org.apache.tools.ant.taskdefs.optional.jsp.JspNameMangler,mapJspToBaseName,NOVALUE,1
org.apache.tools.ant.taskdefs.optional.jsp.WLJspc,createClasspath,compileClasspath,1
org.apache.tools.ant.taskdefs.optional.jsp.WLJspc,setClasspath,compileClasspath,1
org.apache.tools.ant.taskdefs.optional.jsp.compilers.DefaultJspCompilerAdapter,getJspc,owner,1
org.apache.tools.ant.taskdefs.optional.jsp.compilers.DefaultJspCompilerAdapter,setJspc,owner,1
org.apache.tools.ant.taskdefs.optional.junit.AggregateTransformer,createFactory,xsltFactory,1
org.apache.tools.ant.taskdefs.optional.junit.AggregateTransformer,&lt;init&gt;,task,1
org.apache.tools.ant.taskdefs.optional.junit.AggregateTransformer,setXmlDocument,document,1
org.apache.tools.ant.taskdefs.optional.junit.AggregateTransformer,transform,counter,1
org.apache.tools.ant.taskdefs.optional.junit.AggregateTransformer,NOVALUE,document,1
org.apache.tools.ant.taskdefs.optional.junit.BaseTest,NOVALUE,ifProperty,1
org.apache.tools.ant.taskdefs.optional.junit.BaseTest,NOVALUE,unlessProperty,1
org.apache.tools.ant.taskdefs.optional.junit.BatchTest,&lt;init&gt;,project,1
org.apache.tools.ant.taskdefs.optional.junit.BriefJUnitResultFormatter,setOutput,NOVALUE,1
org.apache.tools.ant.taskdefs.optional.junit.BriefJUnitResultFormatter,setOutput,out,1
org.apache.tools.ant.taskdefs.optional.junit.FailureRecorder,writeJavaClass,NOVALUE,1
org.apache.tools.ant.taskdefs.optional.junit.FormatterElement,setProject,project,1
org.apache.tools.ant.taskdefs.optional.junit.FormatterElement,setClassname,NOVALUE,1
org.apache.tools.ant.taskdefs.optional.junit.JUnit4TestMethodAdapter,&lt;init&gt;,NOVALUE,1
org.apache.tools.ant.taskdefs.optional.junit.JUnitTask,init,splitJUnit,1
org.apache.tools.ant.taskdefs.optional.junit.JUnitTask,setEnableTestListenerEvents,enableTestListenerEvents,1
org.apache.tools.ant.taskdefs.optional.junit.JUnitTask,setFiltertrace,filterTrace,1
org.apache.tools.ant.taskdefs.optional.junit.JUnitTask,setFork,fork,1
org.apache.tools.ant.taskdefs.optional.junit.JUnitTask,setHaltonerror,haltOnError,1
org.apache.tools.ant.taskdefs.optional.junit.JUnitTask,setHaltonfailure,haltOnFail,1
org.apache.tools.ant.taskdefs.optional.junit.JUnitTask,setIncludeantruntime,includeAntRuntime,1
org.apache.tools.ant.taskdefs.optional.junit.JUnitTask,setLogFailedTests,logFailedTests,1
org.apache.tools.ant.taskdefs.optional.junit.JUnitTask,setNewenvironment,newEnvironment,1
org.apache.tools.ant.taskdefs.optional.junit.JUnitTask,setOutputToFormatters,outputToFormatters,1
org.apache.tools.ant.taskdefs.optional.junit.JUnitTask,setPrintsummary,summary,1
org.apache.tools.ant.taskdefs.optional.junit.JUnitTask,setReloading,reloading,1
org.apache.tools.ant.taskdefs.optional.junit.JUnitTask,setShowOutput,showOutput,1
org.apache.tools.ant.taskdefs.optional.junit.JUnitTask,setThreads,threads,1
org.apache.tools.ant.taskdefs.optional.junit.JUnitTask,executeAsForked,NOVALUE,1
org.apache.tools.ant.taskdefs.optional.junit.JUnitTask,createPermissions,perm,1
org.apache.tools.ant.taskdefs.optional.junit.JUnitTask,setForkMode,forkMode,1
org.apache.tools.ant.taskdefs.optional.junit.JUnitTask$JUnitLogOutputStream,&lt;init&gt;,task,1
org.apache.tools.ant.taskdefs.optional.junit.JUnitTaskMirrorImpl,&lt;init&gt;,task,1
org.apache.tools.ant.taskdefs.optional.junit.JUnitTest,getProperties,props,1
org.apache.tools.ant.taskdefs.optional.junit.JUnitTestRunner,createEmptyStream,NOVALUE,1
org.apache.tools.ant.taskdefs.optional.junit.JUnitTestRunner,createTeePrint,NOVALUE,1
org.apache.tools.ant.taskdefs.optional.junit.JUnitTestRunner,main,NOVALUE,1
org.apache.tools.ant.taskdefs.optional.junit.JUnitTestRunner,registerNonCrash,NOVALUE,1
org.apache.tools.ant.taskdefs.optional.junit.JUnitTestRunner,registerTestCase,NOVALUE,1
org.apache.tools.ant.taskdefs.optional.junit.JUnitTestRunner,run,NOVALUE,1
org.apache.tools.ant.taskdefs.optional.junit.JUnitTestRunner,setupIOStreams,NOVALUE,1
org.apache.tools.ant.taskdefs.optional.junit.JUnitTestRunner,&lt;init&gt;,junitTest,1
org.apache.tools.ant.taskdefs.optional.junit.JUnitTestRunner,setPermissions,perm,1
org.apache.tools.ant.taskdefs.optional.junit.JUnitTestRunner,&lt;init&gt;,filtertrace,1
org.apache.tools.ant.taskdefs.optional.junit.PlainJUnitResultFormatter,startTestSuite,NOVALUE,1
org.apache.tools.ant.taskdefs.optional.junit.PlainJUnitResultFormatter,write,NOVALUE,1
org.apache.tools.ant.taskdefs.optional.junit.PlainJUnitResultFormatter,setOutput,out,1
org.apache.tools.ant.taskdefs.optional.junit.SummaryJUnitResultFormatter,setWithOutAndErr,withOutAndErr,1
org.apache.tools.ant.taskdefs.optional.junit.SummaryJUnitResultFormatter,endTestSuite,NOVALUE,1
org.apache.tools.ant.taskdefs.optional.junit.SummaryJUnitResultFormatter,startTestSuite,NOVALUE,1
org.apache.tools.ant.taskdefs.optional.junit.SummaryJUnitResultFormatter,setOutput,out,1
org.apache.tools.ant.taskdefs.optional.junit.XMLJUnitResultFormatter,setOutput,out,1
org.apache.tools.ant.taskdefs.optional.junitlauncher.confined.ForkDefinition,setForkMode,forkMode,1
org.apache.tools.ant.taskdefs.optional.junitlauncher.confined.JUnitLauncherTask,forkTest,NOVALUE,1
org.apache.tools.ant.taskdefs.optional.junitlauncher.confined.JUnitLauncherTask$TaskConfiguredPathClassLoader,NOVALUE,NOVALUE,1
org.apache.tools.ant.taskdefs.optional.junitlauncher.confined.ListenerDefinition,setType,NOVALUE,1
org.apache.tools.ant.taskdefs.optional.junitlauncher.confined.TestDefinition,createFork,forkDefinition,1
org.apache.tools.ant.taskdefs.optional.native2ascii.BuiltinNative2Ascii,getReader,NOVALUE,1
org.apache.tools.ant.taskdefs.optional.native2ascii.BuiltinNative2Ascii,getWriter,NOVALUE,1
org.apache.tools.ant.taskdefs.optional.pvcs.Pvcs,createFolders,NOVALUE,1
org.apache.tools.ant.taskdefs.optional.pvcs.Pvcs,getPvcsprojects,pvcsProjects,1
org.apache.tools.ant.taskdefs.optional.pvcs.Pvcs,execute,NOVALUE,1
org.apache.tools.ant.taskdefs.optional.sound.AntSoundPlayer,play,NOVALUE,1
org.apache.tools.ant.taskdefs.optional.sound.SoundTask,createFail,fail,1
org.apache.tools.ant.taskdefs.optional.sound.SoundTask,createSuccess,success,1
org.apache.tools.ant.taskdefs.optional.sound.SoundTask$BuildAlert,getSource,NOVALUE,1
org.apache.tools.ant.taskdefs.optional.sound.SoundTask$BuildAlert,&lt;init&gt;,this$0,1
org.apache.tools.ant.taskdefs.optional.splash.SplashTask,execute,splash,1
org.apache.tools.ant.taskdefs.optional.testing.Funtest,createCondition,condition,1
org.apache.tools.ant.taskdefs.optional.testing.Funtest,getApplicationException,applicationException,1
org.apache.tools.ant.taskdefs.optional.testing.Funtest,getTaskException,taskException,1
org.apache.tools.ant.taskdefs.optional.testing.Funtest,getTeardownException,teardownException,1
org.apache.tools.ant.taskdefs.optional.testing.Funtest,getTestException,testException,1
org.apache.tools.ant.taskdefs.optional.testing.Funtest,addApplication,application,1
org.apache.tools.ant.taskdefs.optional.testing.Funtest,addBlock,block,1
org.apache.tools.ant.taskdefs.optional.testing.Funtest,addReporting,reporting,1
org.apache.tools.ant.taskdefs.optional.testing.Funtest,addSetup,setup,1
org.apache.tools.ant.taskdefs.optional.testing.Funtest,addTeardown,teardown,1
org.apache.tools.ant.taskdefs.optional.testing.Funtest,addTests,tests,1
org.apache.tools.ant.taskdefs.optional.unix.Symlink,setDefaults,failonerror,1
org.apache.tools.ant.taskdefs.optional.unix.Symlink,setDefaults,overwrite,1
org.apache.tools.ant.taskdefs.optional.unix.Symlink,setFailOnError,failonerror,1
org.apache.tools.ant.taskdefs.optional.unix.Symlink,setOverwrite,overwrite,1
org.apache.tools.ant.taskdefs.optional.vss.MSVSS,formatCommandLine,NOVALUE,1
org.apache.tools.ant.taskdefs.rmic.DefaultRmicAdapter,getMapper,mapper,1
org.apache.tools.ant.taskdefs.rmic.DefaultRmicAdapter,getRmic,attributes,1
org.apache.tools.ant.taskdefs.rmic.DefaultRmicAdapter,setRmic,attributes,1
org.apache.tools.ant.types.AbstractFileSet,setErrorOnMissingDir,errorOnMissingDir,1
org.apache.tools.ant.types.AbstractFileSet,setMaxLevelsOfSymlinks,maxLevelsOfSymlinks,1
org.apache.tools.ant.types.AbstractFileSet,NOVALUE,dir,1
org.apache.tools.ant.types.AbstractFileSet,getDir,NOVALUE,1
org.apache.tools.ant.types.AntFilterReader,getClasspath,classpath,1
org.apache.tools.ant.types.AntFilterReader,setClasspath,classpath,1
org.apache.tools.ant.types.ArchiveFileSet,integerSetDirMode,dirMode,1
org.apache.tools.ant.types.ArchiveFileSet,integerSetDirMode,dirModeHasBeenSet,1
org.apache.tools.ant.types.ArchiveFileSet,integerSetFileMode,fileMode,1
org.apache.tools.ant.types.ArchiveFileSet,integerSetFileMode,fileModeHasBeenSet,1
org.apache.tools.ant.types.ArchiveFileSet,setDir,hasDir,1
org.apache.tools.ant.types.ArchiveFileSet,setErrorOnMissingArchive,errorOnMissingArchive,1
org.apache.tools.ant.types.ArchiveFileSet,setSrcResource,src,1
org.apache.tools.ant.types.ArchiveFileSet,toString,NOVALUE,1
org.apache.tools.ant.types.ArchiveScanner,setSrc,src,1
org.apache.tools.ant.types.CharSet,&lt;init&gt;,NOVALUE,1
org.apache.tools.ant.types.Commandline,&lt;init&gt;,NOVALUE,1
org.apache.tools.ant.types.Commandline$Argument,getParts,parts,1
org.apache.tools.ant.types.CommandlineJava,createBootclasspath,bootclasspath,1
org.apache.tools.ant.types.CommandlineJava,createClasspath,classpath,1
org.apache.tools.ant.types.CommandlineJava,createModulepath,modulepath,1
org.apache.tools.ant.types.CommandlineJava,createUpgrademodulepath,upgrademodulepath,1
org.apache.tools.ant.types.CommandlineJava,getAssertions,assertions,1
org.apache.tools.ant.types.CommandlineJava,getBootclasspath,bootclasspath,1
org.apache.tools.ant.types.CommandlineJava,getClasspath,classpath,1
org.apache.tools.ant.types.CommandlineJava,getJavaCommand,javaCommand,1
org.apache.tools.ant.types.CommandlineJava,getModulepath,modulepath,1
org.apache.tools.ant.types.CommandlineJava,getSystemProperties,sysProperties,1
org.apache.tools.ant.types.CommandlineJava,getUpgrademodulepath,upgrademodulepath,1
org.apache.tools.ant.types.CommandlineJava,setAssertions,assertions,1
org.apache.tools.ant.types.Comparison,&lt;init&gt;,NOVALUE,1
org.apache.tools.ant.types.Comparison,getValues,VALUES,1
org.apache.tools.ant.types.DataType,getRefid,ref,1
org.apache.tools.ant.types.DataType,setRefid,ref,1
org.apache.tools.ant.types.Environment,getVariablesVector,variables,1
org.apache.tools.ant.types.FilterChain,getFilterReaders,filterReaders,1
org.apache.tools.ant.types.FilterSet,setRecurse,recurse,1
org.apache.tools.ant.types.FilterSet,&lt;init&gt;,NOVALUE,1
org.apache.tools.ant.types.FilterSet,getFilterHash,filterHash,1
org.apache.tools.ant.types.FilterSet,getOnMissingFiltersFile,onMissingFiltersFile,1
org.apache.tools.ant.types.FilterSet,setOnMissingFiltersFile,onMissingFiltersFile,1
org.apache.tools.ant.types.FilterSet$FiltersFile,&lt;init&gt;,this$0,1
org.apache.tools.ant.types.FilterSet$OnMissing,&lt;init&gt;,NOVALUE,1
org.apache.tools.ant.types.FilterSet$OnMissing,getValues,VALUES,1
org.apache.tools.ant.types.FlexInteger,&lt;init&gt;,NOVALUE,1
org.apache.tools.ant.types.LogLevel,&lt;init&gt;,NOVALUE,1
org.apache.tools.ant.types.Mapper,getImplementation,container,1
org.apache.tools.ant.types.Mapper,setClasspath,classpath,1
org.apache.tools.ant.types.Mapper,setType,type,1
org.apache.tools.ant.types.Mapper,getImplementation,NOVALUE,1
org.apache.tools.ant.types.Path,setCache,cache,1
org.apache.tools.ant.types.Path,&lt;init&gt;,NOVALUE,1
org.apache.tools.ant.types.Path,NOVALUE,systemClasspath,1
org.apache.tools.ant.types.Path$PathElement,getParts,parts,1
org.apache.tools.ant.types.Path$PathElement,&lt;init&gt;,this$0,1
org.apache.tools.ant.types.PatternSet,readPatterns,NOVALUE,1
org.apache.tools.ant.types.PatternSet$NameEntry,&lt;init&gt;,this$0,1
org.apache.tools.ant.types.PatternSet$PatternFileNameEntry,&lt;init&gt;,this$0,1
org.apache.tools.ant.types.Permissions,setSecurityManager,active,1
org.apache.tools.ant.types.Permissions,NOVALUE,active,1
org.apache.tools.ant.types.Permissions,NOVALUE,origSm,1
org.apache.tools.ant.types.Permissions,createPermission,NOVALUE,1
org.apache.tools.ant.types.Permissions$MySM,checkPermission,NOVALUE,1
org.apache.tools.ant.types.PropertySet,assertNotReference,noAttributeSet,1
org.apache.tools.ant.types.PropertySet,setDynamic,dynamic,1
org.apache.tools.ant.types.PropertySet,setNegate,negate,1
org.apache.tools.ant.types.PropertySet,createMapper,mapper,1
org.apache.tools.ant.types.PropertySet,getMapper,mapper,1
org.apache.tools.ant.types.Quantifier,getValues,VALUES,1
org.apache.tools.ant.types.RedirectorElement,addConfiguredErrorMapper,errorMapper,1
org.apache.tools.ant.types.RedirectorElement,addConfiguredInputMapper,inputMapper,1
org.apache.tools.ant.types.RedirectorElement,addConfiguredOutputMapper,outputMapper,1
org.apache.tools.ant.types.Reference,getProject,project,1
org.apache.tools.ant.types.Reference,setProject,project,1
org.apache.tools.ant.types.Resource,&lt;clinit&gt;,NOVALUE,1
org.apache.tools.ant.types.TimeComparison,&lt;init&gt;,NOVALUE,1
org.apache.tools.ant.types.TimeComparison,getValues,VALUES,1
org.apache.tools.ant.types.XMLCatalog,getCatalogPath,catalogPath,1
org.apache.tools.ant.types.XMLCatalog,setClasspath,classpath,1
org.apache.tools.ant.types.XMLCatalog$ExternalResolver,&lt;init&gt;,NOVALUE,1
org.apache.tools.ant.types.optional.AbstractScriptComponent,getRunner,runner,1
org.apache.tools.ant.types.optional.depend.ClassfileSet,clone,NOVALUE,1
org.apache.tools.ant.types.optional.depend.DependScanner,&lt;init&gt;,parentScanner,1
org.apache.tools.ant.types.optional.depend.DependScanner,setRootClasses,rootClasses,1
org.apache.tools.ant.types.optional.imageio.Arc,setType,type,1
org.apache.tools.ant.types.optional.imageio.Arc$ArcType,&lt;init&gt;,NOVALUE,1
org.apache.tools.ant.types.optional.imageio.Scale,executeDrawOperation,NOVALUE,1
org.apache.tools.ant.types.resources.AbstractClasspathResource,setParentFirst,parentFirst,1
org.apache.tools.ant.types.resources.AbstractClasspathResource,getClasspath,classpath,1
org.apache.tools.ant.types.resources.AbstractClasspathResource,getLoader,loader,1
org.apache.tools.ant.types.resources.AbstractClasspathResource,setClasspath,classpath,1
org.apache.tools.ant.types.resources.AbstractClasspathResource,setLoaderRef,loader,1
org.apache.tools.ant.types.resources.ArchiveResource,setMode,mode,1
org.apache.tools.ant.types.resources.ArchiveResource,setMode,modeSet,1
org.apache.tools.ant.types.resources.ArchiveResource,&lt;init&gt;,NOVALUE,1
org.apache.tools.ant.types.resources.ArchiveResource,&lt;clinit&gt;,NOVALUE,1
org.apache.tools.ant.types.resources.Archives,createTars,tars,1
org.apache.tools.ant.types.resources.Archives,createZips,zips,1
org.apache.tools.ant.types.resources.FailFast,&lt;init&gt;,NOVALUE,1
org.apache.tools.ant.types.resources.FileResource,&lt;clinit&gt;,NOVALUE,1
org.apache.tools.ant.types.resources.FileResourceIterator,&lt;init&gt;,project,1
org.apache.tools.ant.types.resources.JavaConstantResource,openInputStream,NOVALUE,1
org.apache.tools.ant.types.resources.LogOutputResource,getAppendOutputStream,outputStream,1
org.apache.tools.ant.types.resources.LogOutputResource,getOutputStream,outputStream,1
org.apache.tools.ant.types.resources.LogOutputResource,equals,NOVALUE,1
org.apache.tools.ant.types.resources.MappedResource,&lt;init&gt;,mapper,1
org.apache.tools.ant.types.resources.MappedResourceCollection,createMapper,mapper,1
org.apache.tools.ant.types.resources.MappedResourceCollection,NOVALUE,cache,1
org.apache.tools.ant.types.resources.MappedResourceCollection,NOVALUE,cachedColl,1
org.apache.tools.ant.types.resources.MappedResourceCollection,NOVALUE,mapper,1
org.apache.tools.ant.types.resources.MappedResourceCollection,NOVALUE,nested,1
org.apache.tools.ant.types.resources.MultiRootFileSet$Worker,&lt;init&gt;,NOVALUE,1
org.apache.tools.ant.types.resources.PropertyResource,&lt;clinit&gt;,NOVALUE,1
org.apache.tools.ant.types.resources.PropertyResource,getInputStream,NOVALUE,1
org.apache.tools.ant.types.resources.ResourceDecorator,&lt;init&gt;,NOVALUE,1
org.apache.tools.ant.types.resources.StringResource,&lt;clinit&gt;,NOVALUE,1
org.apache.tools.ant.types.resources.StringResource,getInputStream,NOVALUE,1
org.apache.tools.ant.types.resources.StringResource,equals,NOVALUE,1
org.apache.tools.ant.types.resources.StringResource$StringResourceFilterOutputStream,close,NOVALUE,1
org.apache.tools.ant.types.resources.URLResource,&lt;init&gt;,NOVALUE,1
org.apache.tools.ant.types.resources.URLResource,equals,NOVALUE,1
org.apache.tools.ant.types.resources.URLResource,hashCode,NOVALUE,1
org.apache.tools.ant.types.resources.URLResource,&lt;clinit&gt;,NOVALUE,1
org.apache.tools.ant.types.resources.ZipResource,getExtraFields,extras,1
org.apache.tools.ant.types.resources.comparators.Content,NOVALUE,NOVALUE,1
org.apache.tools.ant.types.resources.comparators.Date,NOVALUE,NOVALUE,1
org.apache.tools.ant.types.resources.comparators.DelegatedResourceComparator,dieOnCircularReference,NOVALUE,1
org.apache.tools.ant.types.resources.comparators.DelegatedResourceComparator,NOVALUE,resourceComparators,1
org.apache.tools.ant.types.resources.comparators.DelegatedResourceComparator,NOVALUE,NOVALUE,1
org.apache.tools.ant.types.resources.comparators.Exists,NOVALUE,NOVALUE,1
org.apache.tools.ant.types.resources.comparators.Name,NOVALUE,NOVALUE,1
org.apache.tools.ant.types.resources.comparators.Reverse,&lt;init&gt;,NOVALUE,1
org.apache.tools.ant.types.resources.comparators.Reverse,add,nested,1
org.apache.tools.ant.types.resources.comparators.Size,NOVALUE,NOVALUE,1
org.apache.tools.ant.types.resources.comparators.Type,NOVALUE,NOVALUE,1
org.apache.tools.ant.types.resources.selectors.Compare,createControl,control,1
org.apache.tools.ant.types.resources.selectors.Compare,setAgainst,against,1
org.apache.tools.ant.types.resources.selectors.Compare,setWhen,when,1
org.apache.tools.ant.types.resources.selectors.Date,getWhen,when,1
org.apache.tools.ant.types.resources.selectors.Date,setWhen,when,1
org.apache.tools.ant.types.resources.selectors.InstanceOf,setProject,project,1
org.apache.tools.ant.types.resources.selectors.Name,setProject,project,1
org.apache.tools.ant.types.resources.selectors.Not,&lt;init&gt;,NOVALUE,1
org.apache.tools.ant.types.resources.selectors.ResourceSelectorContainer,&lt;init&gt;,NOVALUE,1
org.apache.tools.ant.types.resources.selectors.Size,getWhen,when,1
org.apache.tools.ant.types.resources.selectors.Size,setWhen,when,1
org.apache.tools.ant.types.resources.selectors.Type,setType,type,1
org.apache.tools.ant.types.resources.selectors.Type$FileDir,&lt;init&gt;,NOVALUE,1
org.apache.tools.ant.types.resources.selectors.Type$FileDir,getValues,VALUES,1
org.apache.tools.ant.types.selectors.BaseSelector,setError,cause,1
org.apache.tools.ant.types.selectors.ContainsRegexpSelector,isSelected,NOVALUE,1
org.apache.tools.ant.types.selectors.DateSelector,setWhen,when,1
org.apache.tools.ant.types.selectors.DepthSelector,NOVALUE,max,1
org.apache.tools.ant.types.selectors.DepthSelector,NOVALUE,min,1
org.apache.tools.ant.types.selectors.ExtendSelector,getClasspath,classpath,1
org.apache.tools.ant.types.selectors.ExtendSelector,setClasspath,classpath,1
org.apache.tools.ant.types.selectors.MappingSelector,createMapper,mapperElement,1
org.apache.tools.ant.types.selectors.MappingSelector,addConfigured,map,1
org.apache.tools.ant.types.selectors.PresentSelector,createMapper,mapperElement,1
org.apache.tools.ant.types.selectors.PresentSelector,addConfigured,map,1
org.apache.tools.ant.types.selectors.SizeSelector,setWhen,when,1
org.apache.tools.ant.types.selectors.modifiedselector.ChecksumAlgorithm,getValue,NOVALUE,1
org.apache.tools.ant.types.selectors.modifiedselector.EqualComparator,NOVALUE,NOVALUE,1
org.apache.tools.ant.types.selectors.modifiedselector.ModifiedSelector,setDelayUpdate,delayUpdate,1
org.apache.tools.ant.types.selectors.modifiedselector.ModifiedSelector,setModified,modified,1
org.apache.tools.ant.types.selectors.modifiedselector.ModifiedSelector,setSeldirs,selectDirectories,1
org.apache.tools.ant.types.selectors.modifiedselector.ModifiedSelector,setSelres,selectResourcesWithoutInputStream,1
org.apache.tools.ant.types.selectors.modifiedselector.ModifiedSelector,setUpdate,update,1
org.apache.tools.ant.types.selectors.modifiedselector.ModifiedSelector,getCache,cache,1
org.apache.tools.ant.types.selectors.modifiedselector.ModifiedSelector,addClasspath,classpath,1
org.apache.tools.ant.types.selectors.modifiedselector.ModifiedSelector,setAlgorithm,algoName,1
org.apache.tools.ant.types.selectors.modifiedselector.ModifiedSelector,setCache,cacheName,1
org.apache.tools.ant.types.selectors.modifiedselector.ModifiedSelector,setComparator,compName,1
org.apache.tools.ant.types.selectors.modifiedselector.PropertiesfileCache,delete,NOVALUE,1
org.apache.tools.ant.util.Base64Converter,encode,NOVALUE,1
org.apache.tools.ant.util.ClasspathUtils$Delegate,getClasspath,classpath,1
org.apache.tools.ant.util.ClasspathUtils$Delegate,setClasspath,classpath,1
org.apache.tools.ant.util.ConcatFileInputStream,&lt;init&gt;,file,1
org.apache.tools.ant.util.ConcatFileInputStream,setManagingComponent,managingPc,1
org.apache.tools.ant.util.ConcatResourceInputStream,setManagingComponent,managingPc,1
org.apache.tools.ant.util.DOMElementWriter,encode,NOVALUE,1
org.apache.tools.ant.util.DateUtils,NOVALUE,DATE_HEADER_FORMAT,1
org.apache.tools.ant.util.DeweyDecimal,&lt;init&gt;,NOVALUE,1
org.apache.tools.ant.util.FileUtils,getDefaultEncoding,NOVALUE,1
org.apache.tools.ant.util.FileUtils,tryHardToDelete,NOVALUE,1
org.apache.tools.ant.util.FileUtils,getFileUtils,PRIMARY_INSTANCE,1
org.apache.tools.ant.util.FileUtils,isCaseSensitiveFileSystem,NOVALUE,1
org.apache.tools.ant.util.FileUtils,createNewFile,NOVALUE,1
org.apache.tools.ant.util.FileUtils,delete,NOVALUE,1
org.apache.tools.ant.util.JAXPUtils,getNSParserFactory,nsParserFactory,1
org.apache.tools.ant.util.JAXPUtils,getParserFactory,parserFactory,1
org.apache.tools.ant.util.JavaEnvUtils,createVmsJavaOptionFile,NOVALUE,1
org.apache.tools.ant.util.JavaEnvUtils,getJrePackages,jrePackages,1
org.apache.tools.ant.util.KeepAliveOutputStream,wrap,NOVALUE,1
org.apache.tools.ant.util.LayoutPreservingProperties,equals,NOVALUE,1
org.apache.tools.ant.util.LayoutPreservingProperties,requiresContinuation,NOVALUE,1
org.apache.tools.ant.util.LazyHashtable,equals,NOVALUE,1
org.apache.tools.ant.util.LeadPipeInputStream,setManagingComponent,managingPc,1
org.apache.tools.ant.util.LineOrientedOutputStream,processLine,NOVALUE,1
org.apache.tools.ant.util.LineOrientedOutputStreamRedirector,&lt;init&gt;,stream,1
org.apache.tools.ant.util.MergingMapper,mapFileName,mergedFile,1
org.apache.tools.ant.util.NullOutputStream,NOVALUE,INSTANCE,1
org.apache.tools.ant.util.OutputStreamFunneler,&lt;init&gt;,out,1
org.apache.tools.ant.util.OutputStreamFunneler$Funnel,access$502,closed,1
org.apache.tools.ant.util.PropertyOutputStream,close,NOVALUE,1
org.apache.tools.ant.util.PropertyOutputStream,&lt;init&gt;,project,1
org.apache.tools.ant.util.ProxySetup,&lt;init&gt;,owner,1
org.apache.tools.ant.util.ReaderInputStream,&lt;init&gt;,encoder,1
org.apache.tools.ant.util.ReflectUtil,getField,NOVALUE,1
org.apache.tools.ant.util.ReflectWrapper,&lt;init&gt;,NOVALUE,1
org.apache.tools.ant.util.RegexpPatternMapper,&lt;init&gt;,NOVALUE,1
org.apache.tools.ant.util.RegexpPatternMapper,replaceReferences,NOVALUE,1
org.apache.tools.ant.util.RetryHandler,&lt;init&gt;,task,1
org.apache.tools.ant.util.ScriptRunnerBase,getProject,project,1
org.apache.tools.ant.util.ScriptRunnerBase,setProject,project,1
org.apache.tools.ant.util.ScriptRunnerCreator,&lt;init&gt;,project,1
org.apache.tools.ant.util.ScriptRunnerCreator,createRunner,NOVALUE,1
org.apache.tools.ant.util.ScriptRunnerHelper,setCompiled,compiled,1
org.apache.tools.ant.util.ScriptRunnerHelper,setSetBeans,setBeans,1
org.apache.tools.ant.util.ScriptRunnerHelper,setProjectComponent,projectComponent,1
org.apache.tools.ant.util.ScriptRunnerHelper,NOVALUE,scriptLoader,1
org.apache.tools.ant.util.SourceFileScanner,&lt;init&gt;,task,1
org.apache.tools.ant.util.SplitClassLoader,&lt;init&gt;,splitClasses,1
org.apache.tools.ant.util.SymbolicLinkUtils,getSymbolicLinkUtils,PRIMARY_INSTANCE,1
org.apache.tools.ant.util.SymbolicLinkUtils,&lt;init&gt;,NOVALUE,1
org.apache.tools.ant.util.TaskLogger,&lt;init&gt;,task,1
org.apache.tools.ant.util.TeeOutputStream,&lt;init&gt;,left,1
org.apache.tools.ant.util.TeeOutputStream,&lt;init&gt;,right,1
org.apache.tools.ant.util.UUEncoder,encodeString,NOVALUE,1
org.apache.tools.ant.util.UUEncoder,encode,out,1
org.apache.tools.ant.util.UnicodeUtil,EscapeUnicode,NOVALUE,1
org.apache.tools.ant.util.VectorSet,equals,NOVALUE,1
org.apache.tools.ant.util.Watchdog,&lt;init&gt;,NOVALUE,1
org.apache.tools.ant.util.WorkerAnt,getBuildException,buildException,1
org.apache.tools.ant.util.WorkerAnt,getException,exception,1
org.apache.tools.ant.util.WorkerAnt,getTask,task,1
org.apache.tools.ant.util.WorkerAnt,&lt;init&gt;,task,1
org.apache.tools.ant.util.XMLFragment,&lt;init&gt;,NOVALUE,1
org.apache.tools.ant.util.facade.FacadeTaskHelper,getImplementationClasspath,implementationClasspath,1
org.apache.tools.bzip2.BZip2Constants,NOVALUE,rNums,1
org.apache.tools.bzip2.CBZip2OutputStream,&lt;init&gt;,out,1
org.apache.tools.mail.MailMessage,getPrintStream,out,1
org.apache.tools.mail.MailPrintStream,&lt;init&gt;,NOVALUE,1
org.apache.tools.mail.SmtpResponseReader,&lt;init&gt;,NOVALUE,1
org.apache.tools.tar.TarInputStream,getNextEntry,currEntry,1
org.apache.tools.tar.TarInputStream,lambda$applyPaxHeadersToCurrentEntry$0,NOVALUE,1
org.apache.tools.tar.TarOutputStream,NOVALUE,debug,1
org.apache.tools.tar.TarUtils,exceptionMessage,NOVALUE,1
org.apache.tools.zip.AsiExtraField,getLocalFileDataData,NOVALUE,1
org.apache.tools.zip.AsiExtraField,getLocalFileDataLength,NOVALUE,1
org.apache.tools.zip.AsiExtraField,parseFromLocalFileData,NOVALUE,1
org.apache.tools.zip.ExtraFieldUtils,parse,NOVALUE,1
org.apache.tools.zip.FallbackZipEncoding,decode,NOVALUE,1
org.apache.tools.zip.FallbackZipEncoding,encode,NOVALUE,1
org.apache.tools.zip.JarMarker,&lt;init&gt;,NOVALUE,1
org.apache.tools.zip.UnsupportedZipFeatureException,getEntry,entry,1
org.apache.tools.zip.UnsupportedZipFeatureException,&lt;init&gt;,entry,1
org.apache.tools.zip.Zip64ExtendedInformationExtraField,getDiskStartNumber,diskStart,1
org.apache.tools.zip.Zip64ExtendedInformationExtraField,&lt;init&gt;,diskStart,1
org.apache.tools.zip.Zip64ExtendedInformationExtraField,setDiskStartNumber,diskStart,1
org.apache.tools.zip.ZipEntry,NOVALUE,NOVALUE,1
org.apache.tools.zip.ZipFile$BoundedInputStream,addDummy,addDummyByte,1
org.apache.tools.zip.ZipOutputStream,&lt;init&gt;,NOVALUE,1
org.apache.tools.zip.ZipOutputStream,NOVALUE,CFH_SIG,1
org.apache.tools.zip.ZipOutputStream,NOVALUE,DD_SIG,1
org.apache.tools.zip.ZipOutputStream,NOVALUE,EOCD_SIG,1
org.apache.tools.zip.ZipOutputStream,NOVALUE,LFH_SIG,1